Study,Property,Statistic,Value,Std,Lower 95% CI,Upper 95% CI,Environment
h_mix_rho_x,Pure Density,Slope,1.1277644363350636,0.013539366510067818,1.100071416376639,1.1537012899877286,alcohol
h_mix_rho_x,Pure Density,Intercept,-0.11884021877059281,0.012582099714270958,-0.1424067262640879,-0.09370228719629281,alcohol
h_mix_rho_x,Pure Density,R,0.9960438993449199,0.0016092171623228384,0.9919699373810656,0.9982087190557318,alcohol
h_mix_rho_x,Pure Density,R^2,0.9921034494222329,0.0032023728351603105,0.9840043566677953,0.996420646798885,alcohol
h_mix_rho_x,Pure Density,p,7.220431151239973e-29,4.560651624839723e-24,2.4650512036219083e-33,7.103584560312248e-25,alcohol
h_mix_rho_x,Pure Density,RMSE,0.023308461039666946,0.0024635592443294912,0.018323214483320065,0.027908291062406335,alcohol
h_mix_rho_x,Pure Density,MSE,0.005061871275968569,0.0042987497951304555,-0.0030328472149225016,0.013296258796119018,alcohol
h_mix_rho_x,Pure Density,MUE,0.019223427393601573,0.002516113090014987,0.014449265912435175,0.024230550268911195,alcohol
h_mix_rho_x,Pure Density,Tau,0.8227146814404432,0.07255359702755412,0.621338861127883,0.9043537042846254,alcohol
h_mix_rho_x,Pure Density,Slope,1.0033128254278123,0.02051315490988175,0.9587170792020395,1.040233842518509,ester
h_mix_rho_x,Pure Density,Intercept,-0.009597582800156768,0.01927111390149283,-0.04420881282488409,0.034061529532416146,ester
h_mix_rho_x,Pure Density,R,0.9899972184055161,0.002716835364689924,0.9836017458072694,0.9944405304063602,ester
h_mix_rho_x,Pure Density,R^2,0.9800944924506592,0.005374654357177598,0.9674723943551083,0.9889119685148829,ester
h_mix_rho_x,Pure Density,p,3.379182780562394e-44,6.087617381722457e-36,1.567953838444574e-50,7.312429363558094e-39,ester
h_mix_rho_x,Pure Density,RMSE,0.014786144163679451,0.0013905696022933902,0.011936128038201852,0.01746372240600904,ester
h_mix_rho_x,Pure Density,MSE,-0.00639189860625238,0.0018780837511387105,-0.010059560286729035,-0.0027543661851230318,ester
h_mix_rho_x,Pure Density,MUE,0.011883289518052257,0.0012699472182155283,0.00944577490369531,0.014399512913441576,ester
h_mix_rho_x,Pure Density,Tau,0.9352351580570547,0.023433958054432776,0.8614112458593791,0.9517983296538322,ester
h_mix_rho_x_rho_pure,Pure Density,Slope,1.1022133963856,0.013263501480971536,1.0735295212781961,1.1273847657954534,alcohol
h_mix_rho_x_rho_pure,Pure Density,Intercept,-0.09437055419739504,0.012144889966716636,-0.11680100165330565,-0.06845771878804141,alcohol
h_mix_rho_x_rho_pure,Pure Density,R,0.996251641510159,0.0014482968932835356,0.992721574952016,0.9982985684897908,alcohol
h_mix_rho_x_rho_pure,Pure Density,R^2,0.9925173332116863,0.002883457204838106,0.985496125375211,0.9966000318487656,alcohol
h_mix_rho_x_rho_pure,Pure Density,p,3.585303065254925e-29,1.0988877539493991e-24,1.2880453791515584e-33,2.166165927061643e-25,alcohol
h_mix_rho_x_rho_pure,Pure Density,RMSE,0.020158426505998063,0.0022709778852249905,0.015291201137785414,0.02432934798138295,alcohol
h_mix_rho_x_rho_pure,Pure Density,MSE,0.004752909312597737,0.0036851182568014246,-0.0023364597259135167,0.012410829666273323,alcohol
h_mix_rho_x_rho_pure,Pure Density,MUE,0.015966983892783487,0.0023365167871625915,0.01140497177383946,0.02059830513791507,alcohol
h_mix_rho_x_rho_pure,Pure Density,Tau,0.7728531855955678,0.07890354734698453,0.5668078166654071,0.8782781322999011,alcohol
h_mix_rho_x_rho_pure,Pure Density,Slope,0.9747374544199082,0.02016843244642048,0.9333380616782962,1.010471199022949,ester
h_mix_rho_x_rho_pure,Pure Density,Intercept,0.016796324689901665,0.01891552373239367,-0.016266296812896597,0.05626380631561889,ester
h_mix_rho_x_rho_pure,Pure Density,R,0.9903758687579948,0.00266773423979466,0.9841549590244384,0.9947335484417645,ester
h_mix_rho_x_rho_pure,Pure Density,R^2,0.9808443614181529,0.00527915137661001,0.968560983372394,0.9894948323955444,ester
h_mix_rho_x_rho_pure,Pure Density,p,1.2934110870033607e-44,2.2560704417742298e-37,4.006117131972123e-51,3.184629262173969e-39,ester
h_mix_rho_x_rho_pure,Pure Density,RMSE,0.015010568895863885,0.001687135641875574,0.011689240628771837,0.018256504574822027,ester
h_mix_rho_x_rho_pure,Pure Density,MSE,-0.007649196158856986,0.0017877982568865912,-0.01134943043286951,-0.004252072125639313,ester
h_mix_rho_x_rho_pure,Pure Density,MUE,0.011425433605293894,0.001334718182041434,0.0089764491386204,0.014191909395828584,ester
h_mix_rho_x_rho_pure,Pure Density,Tau,0.9121048573631456,0.03156181005797555,0.8203122890465555,0.9429254377411483,ester
h_mix_rho_x_rho_pure_h_vap,Pure Density,Slope,1.1225908251766443,0.012796794938930761,1.0968041825776669,1.1479887210014212,alcohol
h_mix_rho_x_rho_pure_h_vap,Pure Density,Intercept,-0.11147606894611328,0.01166248277553774,-0.13356671768378892,-0.08798466110312686,alcohol
h_mix_rho_x_rho_pure_h_vap,Pure Density,R,0.9965079639818887,0.0013244001979121505,0.9931079087127317,0.9982852339778853,alcohol
h_mix_rho_x_rho_pure_h_vap,Pure Density,R^2,0.9930281222793291,0.002637245851681133,0.9862633183477755,0.9965734083782811,alcohol
h_mix_rho_x_rho_pure_h_vap,Pure Density,p,1.4296699789534824e-29,2.5292613598883065e-24,1.3954695832552708e-33,1.1767840080943987e-25,alcohol
h_mix_rho_x_rho_pure_h_vap,Pure Density,RMSE,0.02285244393671671,0.0025979642989911473,0.01745579438788774,0.027645503239277794,alcohol
h_mix_rho_x_rho_pure_h_vap,Pure Density,MSE,0.007408809315978767,0.0041419737440873084,-0.0005630621436396548,0.015581744497407454,alcohol
h_mix_rho_x_rho_pure_h_vap,Pure Density,MUE,0.018461482154054958,0.002603969902096527,0.013718904030328268,0.023729512590158326,alcohol
h_mix_rho_x_rho_pure_h_vap,Pure Density,Tau,0.8227146814404432,0.0703518518479321,0.6323024215167296,0.9081441563379808,alcohol
h_mix_rho_x_rho_pure_h_vap,Pure Density,Slope,1.0147684441565987,0.020250864000057624,0.9735388721697678,1.0523398306389988,ester
h_mix_rho_x_rho_pure_h_vap,Pure Density,Intercept,-0.019130951800977347,0.01935202318634777,-0.054056167503784947,0.020425363014134112,ester
h_mix_rho_x_rho_pure_h_vap,Pure Density,R,0.9882926761835024,0.0033484372350875576,0.9801298047272833,0.9933544864043358,ester
h_mix_rho_x_rho_pure_h_vap,Pure Density,R^2,0.9767224137979491,0.0066076357757043815,0.9606544341147425,0.9867531356596216,ester
h_mix_rho_x_rho_pure_h_vap,Pure Density,p,1.6929647633336112e-42,8.244262214023761e-35,1.386370962001471e-48,8.575524031591977e-37,ester
h_mix_rho_x_rho_pure_h_vap,Pure Density,RMSE,0.015446872437242121,0.001097653460327582,0.013210116718925632,0.017502923926986876,ester
h_mix_rho_x_rho_pure_h_vap,Pure Density,MSE,-0.004840139009000945,0.0020091797882077754,-0.008842423670431528,-0.001050742233021888,ester
h_mix_rho_x_rho_pure_h_vap,Pure Density,MUE,0.013138755008707943,0.001120804765221409,0.01090539693863231,0.015326899650737382,ester
h_mix_rho_x_rho_pure_h_vap,Pure Density,Tau,0.9321511179645335,0.021894063599696627,0.8622745380044564,0.9463973572477308,ester
h_mix_v_excess,Pure Density,Slope,1.001593782519017,0.008955353311773414,0.9850390863007613,1.0197802523466848,alcohol
h_mix_v_excess,Pure Density,Intercept,0.005153170076883318,0.009405479150775003,-0.013732307957200707,0.023300683423129298,alcohol
h_mix_v_excess,Pure Density,R,0.9989011990156434,0.00038644915858565635,0.9980336245739831,0.9994968866284257,alcohol
h_mix_v_excess,Pure Density,R^2,0.9978036053948901,0.0007719288783251607,0.9960711157802823,0.9989940263799161,alcohol
h_mix_v_excess,Pure Density,p,4.294935283726057e-36,5.691431432711064e-32,1.687439991223461e-40,8.270633423131326e-33,alcohol
h_mix_v_excess,Pure Density,RMSE,0.009388647579121176,0.0012429347733132015,0.006800135725763382,0.011728237317221724,alcohol
h_mix_v_excess,Pure Density,MSE,0.0066987722088258095,0.0012882793574228767,0.004166997746162114,0.009198550780901862,alcohol
h_mix_v_excess,Pure Density,MUE,0.007412377569859201,0.001110943818325653,0.00527379712783313,0.009632558129154803,alcohol
h_mix_v_excess,Pure Density,Tau,0.9113573407202216,0.05777595494422247,0.7258117669812438,0.9471519046225182,alcohol
h_mix_v_excess,Pure Density,Slope,1.0251913450774268,0.046795792117414775,0.9224011815281149,1.102015008190289,ester
h_mix_v_excess,Pure Density,Intercept,-0.0026443419838234616,0.04393121637336783,-0.07401790852865942,0.09374255874835724,ester
h_mix_v_excess,Pure Density,R,0.9823781823912364,0.00288971865457396,0.9773746106515684,0.9890816369284711,ester
h_mix_v_excess,Pure Density,R^2,0.9650668932383094,0.00568174966734725,0.9552611295463049,0.9782824845091038,ester
h_mix_v_excess,Pure Density,p,4.351444886504086e-38,7.023289443671441e-35,3.445761947491521e-43,2.1411584468421538e-35,ester
h_mix_v_excess,Pure Density,RMSE,0.028433080991550782,0.003306564786326078,0.022115865534187543,0.0346832981240184,ester
h_mix_v_excess,Pure Density,MSE,0.021732281082373597,0.002498027975881943,0.0171220217345728,0.02691417273085014,ester
h_mix_v_excess,Pure Density,MUE,0.021906753292827704,0.0024712119694367423,0.017360895012536327,0.027045483739169564,ester
h_mix_v_excess,Pure Density,Tau,0.9074787972243639,0.02349621725397521,0.8414860263460126,0.9333006912998669,ester
openff-1.0.0,Pure Density,Slope,1.0266890582179629,0.012439278572061778,1.0045508751509482,1.0555522323038316,alcohol
openff-1.0.0,Pure Density,Intercept,-0.011280453103864718,0.01239419667174411,-0.03775252285345421,0.012019726925698748,alcohol
openff-1.0.0,Pure Density,R,0.9983255145089992,0.0004700248075178682,0.9972239408820863,0.9990818027578546,alcohol
openff-1.0.0,Pure Density,R^2,0.9966538329196579,0.0009382921961171421,0.9944555882683987,0.9981644486018847,alcohol
openff-1.0.0,Pure Density,p,1.023465871641684e-33,3.263230309098732e-30,4.262598494680809e-37,7.657259398820348e-31,alcohol
openff-1.0.0,Pure Density,RMSE,0.01721701788007747,0.0015152401390472205,0.014187048556834147,0.020092371004423005,alcohol
openff-1.0.0,Pure Density,MSE,0.014601789165085319,0.0017284011273616148,0.01125025469614746,0.01788191723949899,alcohol
openff-1.0.0,Pure Density,MUE,0.014655018177565269,0.00171191532673663,0.011386182862299076,0.017906015720317556,alcohol
openff-1.0.0,Pure Density,Tau,0.8891966759002771,0.06382522166252314,0.6976514428272617,0.9456755413789367,alcohol
openff-1.0.0,Pure Density,Slope,1.0466953764240208,0.03817265731739183,0.9639043902225346,1.1116657606840785,ester
openff-1.0.0,Pure Density,Intercept,-0.013213728038557693,0.035780009811414076,-0.0740419741177758,0.06504115941361388,ester
openff-1.0.0,Pure Density,R,0.9876860760309204,0.0020608438778409992,0.984101825520192,0.9922100495093766,ester
openff-1.0.0,Pure Density,R^2,0.9755237847853571,0.004072460228543839,0.9684564029921744,0.9844807823473997,ester
openff-1.0.0,Pure Density,p,5.943771040673766e-42,4.6123368684445127e-38,6.697389948604426e-47,3.423193880006034e-39,ester
openff-1.0.0,Pure Density,RMSE,0.03577732284978307,0.0028117384575357543,0.030341066363065744,0.04130171024372509,ester
openff-1.0.0,Pure Density,MSE,0.03197145705274979,0.002205141458951716,0.027824562548738666,0.03635236870088814,ester
openff-1.0.0,Pure Density,MUE,0.03197145705274979,0.002205141458951716,0.027824562548738666,0.03635236870088814,ester
openff-1.0.0,Pure Density,Tau,0.9198149575944486,0.021282398236036414,0.8588757288051194,0.9404671622528952,ester
rho_pure_h_vap,Pure Density,Slope,1.0649514181452244,0.017830222934971076,1.0242853774549103,1.0941520089984682,alcohol
rho_pure_h_vap,Pure Density,Intercept,-0.050937253852138986,0.01597152624625383,-0.07665487165552187,-0.013715901949454379,alcohol
rho_pure_h_vap,Pure Density,R,0.9946683995726572,0.0019227249375790131,0.9897919476410434,0.9974447130919917,alcohol
rho_pure_h_vap,Pure Density,R^2,0.9893652251084312,0.0038204876384503746,0.97968809961505,0.9948959556751655,alcohol
rho_pure_h_vap,Pure Density,p,3.4665824105535216e-27,2.2959864280658983e-22,2.5581909016342846e-31,1.61698426010256e-23,alcohol
rho_pure_h_vap,Pure Density,RMSE,0.021596547102246438,0.002630910090774312,0.015959583469120825,0.026327239485996794,alcohol
rho_pure_h_vap,Pure Density,MSE,0.01205066900439415,0.0033376246645657765,0.005743249206374431,0.018467900468479594,alcohol
rho_pure_h_vap,Pure Density,MUE,0.016080337928532355,0.002702580467797163,0.011077229032125923,0.021388103561501136,alcohol
rho_pure_h_vap,Pure Density,Tau,0.8448753462603878,0.06995408024805065,0.6341326406667727,0.8992006497783509,alcohol
rho_pure_h_vap,Pure Density,Slope,1.0375342250892075,0.041123671508940925,0.9436660799861515,1.1043026707361674,ester
rho_pure_h_vap,Pure Density,Intercept,-0.04655738234958029,0.03855430433778773,-0.1093890203119785,0.04349972070138608,ester
rho_pure_h_vap,Pure Density,R,0.9780126002913319,0.004983073603657864,0.9672814861682473,0.9866839456290737,ester
rho_pure_h_vap,Pure Density,R^2,0.9565086463286124,0.00973163455114948,0.9356334734838532,0.9735452085621569,ester
rho_pure_h_vap,Pure Density,p,1.0462451483442047e-35,4.874232806614724e-28,4.5134752835515435e-41,2.069855322664276e-31,ester
rho_pure_h_vap,Pure Density,RMSE,0.023289899034171974,0.001941399698995875,0.019287254238668405,0.02694168101221666,ester
rho_pure_h_vap,Pure Density,MSE,-0.010237064626599342,0.002932005407810133,-0.015715677831279144,-0.004203968329056225,ester
rho_pure_h_vap,Pure Density,MUE,0.01897663841733214,0.001856128515243354,0.015302068617310328,0.022645232382860092,ester
rho_pure_h_vap,Pure Density,Tau,0.8828064764841942,0.025931920862052555,0.8045015332924286,0.9043819849881245,ester
h_mix_rho_x,Pure Enthalpy Of Vaporization,Slope,0.8740409679472161,0.10076411101039341,0.7374559622575148,1.1172927998503175,alcohol
h_mix_rho_x,Pure Enthalpy Of Vaporization,Intercept,8.987963706618004,6.914033974763681,-7.19124632913892,20.069566831074837,alcohol
h_mix_rho_x,Pure Enthalpy Of Vaporization,R,0.947864036308613,0.038882172497778186,0.8454866632643258,0.985063182405495,alcohol
h_mix_rho_x,Pure Enthalpy Of Vaporization,R^2,0.8984462313272558,0.0664250165885683,0.7148476977578434,0.9703494733308414,alcohol
h_mix_rho_x,Pure Enthalpy Of Vaporization,p,3.0345492585970685e-05,0.010085632080666304,2.4172580254998236e-07,0.0020893170352865734,alcohol
h_mix_rho_x,Pure Enthalpy Of Vaporization,RMSE,5.575592015653073,0.8360121599603857,3.8530734492396324,7.191378514412593,alcohol
h_mix_rho_x,Pure Enthalpy Of Vaporization,MSE,1.0296201434590173,1.7312929946300633,-2.253609498695789,4.762004966956686,alcohol
h_mix_rho_x,Pure Enthalpy Of Vaporization,MUE,5.04918571103524,0.7478592226073764,3.7289450245980627,6.6457028461702095,alcohol
h_mix_rho_x,Pure Enthalpy Of Vaporization,Tau,0.7999999999999999,0.16375371289216945,0.2771739468734333,0.9067647005823629,alcohol
h_mix_rho_x,Pure Enthalpy Of Vaporization,Slope,1.4002060757962378,0.04850961751055369,1.3079600505507345,1.4985462326199221,ester
h_mix_rho_x,Pure Enthalpy Of Vaporization,Intercept,-8.357256017927533,2.2762389563519343,-13.279535747377004,-4.330105069528891,ester
h_mix_rho_x,Pure Enthalpy Of Vaporization,R,0.9697890314847606,0.01307022619523119,0.9362406919453076,0.9879328595787764,ester
h_mix_rho_x,Pure Enthalpy Of Vaporization,R^2,0.9404907655881499,0.025137884566050907,0.8765466332542283,0.9760113350354983,ester
h_mix_rho_x,Pure Enthalpy Of Vaporization,p,1.871636857252463e-17,1.6512550570347296e-12,1.3915669862236447e-22,2.577171984401941e-13,ester
h_mix_rho_x,Pure Enthalpy Of Vaporization,RMSE,10.51057645246054,0.9975476092412111,8.478272296334783,12.454118645518163,ester
h_mix_rho_x,Pure Enthalpy Of Vaporization,MSE,9.33165653031603,0.9345055705997547,7.548842661157116,11.28056820751893,ester
h_mix_rho_x,Pure Enthalpy Of Vaporization,MUE,9.33165653031603,0.9345055705997547,7.548842661157116,11.28056820751893,ester
h_mix_rho_x,Pure Enthalpy Of Vaporization,Tau,0.9780219780219781,0.024577479594736964,0.8737820791688421,0.9663655798208222,ester
h_mix_rho_x_rho_pure,Pure Enthalpy Of Vaporization,Slope,0.8281134432812204,0.10225535411749746,0.6840287143164865,1.059441200424925,alcohol
h_mix_rho_x_rho_pure,Pure Enthalpy Of Vaporization,Intercept,12.792638265436167,7.215729722002153,-3.2105986256862877,24.34590965994454,alcohol
h_mix_rho_x_rho_pure,Pure Enthalpy Of Vaporization,R,0.9454516202566059,0.037216993953343845,0.8480233849897081,0.9877966852484333,alcohol
h_mix_rho_x_rho_pure,Pure Enthalpy Of Vaporization,R^2,0.8938787662458413,0.065234349108103,0.7191436614894027,0.9757422913877924,alcohol
h_mix_rho_x_rho_pure,Pure Enthalpy Of Vaporization,p,3.625682174699414e-05,0.0040268700541280815,1.0470242437413778e-07,0.0019367738152216037,alcohol
h_mix_rho_x_rho_pure,Pure Enthalpy Of Vaporization,RMSE,6.027439880601857,1.242377740399361,3.271598931553409,8.210995779862982,alcohol
h_mix_rho_x_rho_pure,Pure Enthalpy Of Vaporization,MSE,1.9325018388302369,1.8669384766517854,-1.4617139609202539,5.788891730283199,alcohol
h_mix_rho_x_rho_pure,Pure Enthalpy Of Vaporization,MUE,4.890343022364808,1.1527581091577233,2.7326036164721588,7.286416032057974,alcohol
h_mix_rho_x_rho_pure,Pure Enthalpy Of Vaporization,Tau,0.7999999999999999,0.16772214325986798,0.2771739468734333,0.9067647005823629,alcohol
h_mix_rho_x_rho_pure,Pure Enthalpy Of Vaporization,Slope,1.3933939303281508,0.04649727295800158,1.3014831917681293,1.4849301651256077,ester
h_mix_rho_x_rho_pure,Pure Enthalpy Of Vaporization,Intercept,-6.46841126640485,2.080963018865995,-10.69895778710113,-2.510178499546612,ester
h_mix_rho_x_rho_pure,Pure Enthalpy Of Vaporization,R,0.9802801738872141,0.008180649822295374,0.959421401545372,0.9912233669532745,ester
h_mix_rho_x_rho_pure,Pure Enthalpy Of Vaporization,R^2,0.9609492193163467,0.015949235979633224,0.920489425743286,0.9825237631941859,ester
h_mix_rho_x_rho_pure,Pure Enthalpy Of Vaporization,p,7.753297228110391e-20,3.2374231209829895e-14,2.228402253601351e-24,8.440129493339324e-16,ester
h_mix_rho_x_rho_pure,Pure Enthalpy Of Vaporization,RMSE,11.767094173878732,0.907219933455256,9.915355388939963,13.491210996670153,ester
h_mix_rho_x_rho_pure,Pure Enthalpy Of Vaporization,MSE,10.919407788414942,0.835025231237702,9.333847681916563,12.606617031465849,ester
h_mix_rho_x_rho_pure,Pure Enthalpy Of Vaporization,MUE,10.919407788414942,0.835025231237702,9.333847681916563,12.606617031465849,ester
h_mix_rho_x_rho_pure,Pure Enthalpy Of Vaporization,Tau,0.9560439560439562,0.02914223822290113,0.8507459024472397,0.9595591798478217,ester
h_mix_rho_x_rho_pure_h_vap,Pure Enthalpy Of Vaporization,Slope,0.9044829342034967,0.10958474506627038,0.7431529699911006,1.1434681934311128,alcohol
h_mix_rho_x_rho_pure_h_vap,Pure Enthalpy Of Vaporization,Intercept,5.704719264004979,7.187497939225946,-9.74887638876902,17.20172446476785,alcohol
h_mix_rho_x_rho_pure_h_vap,Pure Enthalpy Of Vaporization,R,0.9453505383343965,0.04667075447510727,0.8101186459859322,0.9830395845833643,alcohol
h_mix_rho_x_rho_pure_h_vap,Pure Enthalpy Of Vaporization,R^2,0.8936876403291333,0.07859261293827546,0.6562922205740801,0.9663668248578334,alcohol
h_mix_rho_x_rho_pure_h_vap,Pure Enthalpy Of Vaporization,p,3.652179468769231e-05,0.009289235499843155,3.606177815523484e-07,0.005028906028580729,alcohol
h_mix_rho_x_rho_pure_h_vap,Pure Enthalpy Of Vaporization,RMSE,5.601572019342884,0.4366355825227947,4.741298721555681,6.44249753646697,alcohol
h_mix_rho_x_rho_pure_h_vap,Pure Enthalpy Of Vaporization,MSE,-0.3302399871496817,1.7912793108688323,-3.8815779843443052,3.299053436199164,alcohol
h_mix_rho_x_rho_pure_h_vap,Pure Enthalpy Of Vaporization,MUE,5.432000531652361,0.4443616957032746,4.610729261350073,6.329039249193242,alcohol
h_mix_rho_x_rho_pure_h_vap,Pure Enthalpy Of Vaporization,Tau,0.7999999999999999,0.1670028474506319,0.2771739468734333,0.9067647005823629,alcohol
h_mix_rho_x_rho_pure_h_vap,Pure Enthalpy Of Vaporization,Slope,1.3693307990297943,0.051226433949440604,1.2822161648277377,1.4835927470164756,ester
h_mix_rho_x_rho_pure_h_vap,Pure Enthalpy Of Vaporization,Intercept,-9.728532026986002,2.4110652564995965,-15.251427199843661,-5.835617718761384,ester
h_mix_rho_x_rho_pure_h_vap,Pure Enthalpy Of Vaporization,R,0.955109057173425,0.019171960610796176,0.9094754892049649,0.9845071154144618,ester
h_mix_rho_x_rho_pure_h_vap,Pure Enthalpy Of Vaporization,R^2,0.9122333110947087,0.036302949701164086,0.8271456654646102,0.9692542603017044,ester
h_mix_rho_x_rho_pure_h_vap,Pure Enthalpy Of Vaporization,p,2.9650442307168326e-15,6.898926594331179e-11,3.482137053775118e-21,2.188506874672699e-11,ester
h_mix_rho_x_rho_pure_h_vap,Pure Enthalpy Of Vaporization,RMSE,8.341332267585221,1.0281624471584045,6.183028425098248,10.210849434232339,ester
h_mix_rho_x_rho_pure_h_vap,Pure Enthalpy Of Vaporization,MSE,6.5957084094265905,0.9675284551500987,4.764575909375694,8.474304194974271,ester
h_mix_rho_x_rho_pure_h_vap,Pure Enthalpy Of Vaporization,MUE,6.5957084094265905,0.9675284551500987,4.764575909375694,8.474304194974271,ester
h_mix_rho_x_rho_pure_h_vap,Pure Enthalpy Of Vaporization,Tau,0.9340659340659341,0.032488455088485114,0.8208552682889901,0.9456755413789367,ester
h_mix_v_excess,Pure Enthalpy Of Vaporization,Slope,0.7121338485967141,0.11305311332901341,0.5574832667978724,0.9892366048293486,alcohol
h_mix_v_excess,Pure Enthalpy Of Vaporization,Intercept,19.307346851146995,8.091592405057286,0.90132092034046,31.988673498975842,alcohol
h_mix_v_excess,Pure Enthalpy Of Vaporization,R,0.9264889683664638,0.05066987531836967,0.8111843865001978,0.9888354633250034,alcohol
h_mix_v_excess,Pure Enthalpy Of Vaporization,R^2,0.8583818085047543,0.08442524721226587,0.6580201089017023,0.9777955735291741,alcohol
h_mix_v_excess,Pure Enthalpy Of Vaporization,p,0.00011682962821022664,0.0151719030153277,6.94304419848703e-08,0.004548032900979986,alcohol
h_mix_v_excess,Pure Enthalpy Of Vaporization,RMSE,7.083385226866968,1.4640133662719685,3.6700503507586646,9.51798230226959,alcohol
h_mix_v_excess,Pure Enthalpy Of Vaporization,MSE,1.1193876731845875,2.286245433268993,-2.9522996677448985,5.971747153166241,alcohol
h_mix_v_excess,Pure Enthalpy Of Vaporization,MUE,5.5695248022290205,1.4176044593206294,2.968373300630187,8.35162453116525,alcohol
h_mix_v_excess,Pure Enthalpy Of Vaporization,Tau,0.7999999999999999,0.17133384875223448,0.2771739468734333,0.9067647005823629,alcohol
h_mix_v_excess,Pure Enthalpy Of Vaporization,Slope,1.393017876191744,0.04417078621717818,1.318877033418598,1.4928298657653225,ester
h_mix_v_excess,Pure Enthalpy Of Vaporization,Intercept,-5.08117904959839,1.8988895865948248,-9.220043091182063,-1.7843253418764462,ester
h_mix_v_excess,Pure Enthalpy Of Vaporization,R,0.9804111872362766,0.007376720888262916,0.9623947140340423,0.9913830749773248,ester
h_mix_v_excess,Pure Enthalpy Of Vaporization,R^2,0.9612060960580454,0.014401715080512996,0.9262035856006661,0.982840401351496,ester
h_mix_v_excess,Pure Enthalpy Of Vaporization,p,7.114946390346862e-20,2.928296419556626e-15,1.9443138999551046e-24,3.286966673016427e-16,ester
h_mix_v_excess,Pure Enthalpy Of Vaporization,RMSE,13.046200022582426,0.8862871153093049,11.248037474950483,14.795874716660984,ester
h_mix_v_excess,Pure Enthalpy Of Vaporization,MSE,12.290018596565712,0.8411515303223427,10.670661814363289,14.02885837200713,ester
h_mix_v_excess,Pure Enthalpy Of Vaporization,MUE,12.290018596565712,0.8411515303223427,10.670661814363289,14.02885837200713,ester
h_mix_v_excess,Pure Enthalpy Of Vaporization,Tau,0.9560439560439562,0.030979351462726082,0.8295399485780146,0.951253300664812,ester
openff-1.0.0,Pure Enthalpy Of Vaporization,Slope,0.7416463581156124,0.1001316027819714,0.6003129608439787,0.9781279355176791,alcohol
openff-1.0.0,Pure Enthalpy Of Vaporization,Intercept,17.628547529919018,7.242937329437001,2.2302965882893275,29.13565022964206,alcohol
openff-1.0.0,Pure Enthalpy Of Vaporization,R,0.9379432693311254,0.03803212047322247,0.8438311348254294,0.990206384010145,alcohol
openff-1.0.0,Pure Enthalpy Of Vaporization,R^2,0.87973757648356,0.06716446471769226,0.7120509841007719,0.9805086829344468,alcohol
openff-1.0.0,Pure Enthalpy Of Vaporization,p,6.017548816712738e-05,0.003356026639829021,4.059808515380454e-08,0.002185543386404915,alcohol
openff-1.0.0,Pure Enthalpy Of Vaporization,RMSE,6.587822145695869,1.2827328154959172,3.699940385945168,8.866520300202229,alcohol
openff-1.0.0,Pure Enthalpy Of Vaporization,MSE,1.3052477283796435,2.0126476123752437,-2.6229594549773636,5.283058709216343,alcohol
openff-1.0.0,Pure Enthalpy Of Vaporization,MUE,5.111331571310359,1.2557981832767606,2.693963230564153,7.6376117781440644,alcohol
openff-1.0.0,Pure Enthalpy Of Vaporization,Tau,0.7999999999999999,0.1610349456975941,0.2771739468734333,0.9067647005823629,alcohol
openff-1.0.0,Pure Enthalpy Of Vaporization,Slope,1.4710052198825472,0.047401459436906004,1.3951312808890646,1.576794103410255,ester
openff-1.0.0,Pure Enthalpy Of Vaporization,Intercept,-7.777018241536396,2.075570965723569,-12.314271550474771,-4.525805301341492,ester
openff-1.0.0,Pure Enthalpy Of Vaporization,R,0.9788156366150754,0.007608813590809677,0.9605190924683223,0.9907585960136545,ester
openff-1.0.0,Pure Enthalpy Of Vaporization,R^2,0.9580800504821754,0.014847874257464606,0.9225969269961696,0.9816025955749478,ester
openff-1.0.0,Pure Enthalpy Of Vaporization,p,1.9515116348438937e-19,3.1542820586666066e-15,4.536423879518356e-24,5.833330346209639e-16,ester
openff-1.0.0,Pure Enthalpy Of Vaporization,RMSE,14.00441202108609,1.0004269187578427,12.06996827782014,15.830378567390113,ester
openff-1.0.0,Pure Enthalpy Of Vaporization,MSE,13.041181801259976,0.9499567188259852,11.302854367999332,14.919746628721914,ester
openff-1.0.0,Pure Enthalpy Of Vaporization,MUE,13.041181801259976,0.9499567188259852,11.302854367999332,14.919746628721914,ester
openff-1.0.0,Pure Enthalpy Of Vaporization,Tau,0.9560439560439562,0.029255609114809882,0.8492101857306847,0.9581798640711818,ester
rho_pure_h_vap,Pure Enthalpy Of Vaporization,Slope,0.8882027384501062,0.1313749486819322,0.7435690650423779,1.1431335605530049,alcohol
rho_pure_h_vap,Pure Enthalpy Of Vaporization,Intercept,8.870035695768884,7.932235961987314,-7.397275601364456,20.303111892009007,alcohol
rho_pure_h_vap,Pure Enthalpy Of Vaporization,R,0.9493933929994876,0.05810800701867466,0.8428327461736953,0.9860074969605145,alcohol
rho_pure_h_vap,Pure Enthalpy Of Vaporization,R^2,0.9013478146710794,0.06513413430749423,0.7191115254373311,0.9723198136222466,alcohol
rho_pure_h_vap,Pure Enthalpy Of Vaporization,p,2.6988934906524372e-05,0.011253484561613713,1.649106462088134e-07,0.0021982422756884616,alcohol
rho_pure_h_vap,Pure Enthalpy Of Vaporization,RMSE,5.683274887776719,0.9836229636205133,3.444775723570656,7.453626412300447,alcohol
rho_pure_h_vap,Pure Enthalpy Of Vaporization,MSE,1.8064611165234978,1.6997510953097594,-1.4612925626927726,5.316203937015024,alcohol
rho_pure_h_vap,Pure Enthalpy Of Vaporization,MUE,4.848444709399864,0.9342286133494005,3.126982970551878,6.780927126018403,alcohol
rho_pure_h_vap,Pure Enthalpy Of Vaporization,Tau,0.7999999999999999,0.16295689552707987,0.2771739468734333,0.9067647005823629,alcohol
rho_pure_h_vap,Pure Enthalpy Of Vaporization,Slope,1.30532994492898,0.06903367913910673,1.1961232999837275,1.4728578446341523,ester
rho_pure_h_vap,Pure Enthalpy Of Vaporization,Intercept,-9.198917687406265,2.95160900178298,-16.253623562392484,-4.530795667465284,ester
rho_pure_h_vap,Pure Enthalpy Of Vaporization,R,0.948571999100789,0.019621790935573553,0.9039413553119332,0.9805603660713464,ester
rho_pure_h_vap,Pure Enthalpy Of Vaporization,R^2,0.8997888374780674,0.03696942815207929,0.8171099738431746,0.961498631509973,ester
rho_pure_h_vap,Pure Enthalpy Of Vaporization,p,1.6726520865833346e-14,1.233472781224329e-10,6.54976376439034e-20,4.645457963462058e-11,ester
rho_pure_h_vap,Pure Enthalpy Of Vaporization,RMSE,6.461528901468696,0.9772355686968442,4.454039503186568,8.248480411747366,ester
rho_pure_h_vap,Pure Enthalpy Of Vaporization,MSE,4.296516342332478,0.8855586787126826,2.6495859337814025,6.0987194143734484,ester
rho_pure_h_vap,Pure Enthalpy Of Vaporization,MUE,4.437424369458635,0.8623721823678594,2.8530102479922745,6.252706508453378,ester
rho_pure_h_vap,Pure Enthalpy Of Vaporization,Tau,0.8901098901098902,0.034349356681630284,0.7820310326266731,0.9139393079564957,ester
h_mix_rho_x,Binary Density,Slope,1.1301603806812568,0.007047145625052236,1.1169467011675647,1.1445781229918195,alcohol_alcohol
h_mix_rho_x,Binary Density,Intercept,-0.11266579269166488,0.007161743481360852,-0.12737251083073886,-0.09919523749456305,alcohol_alcohol
h_mix_rho_x,Binary Density,R,0.9982798268222316,0.00045324112191219167,0.9971863271831404,0.9989470474266866,alcohol_alcohol
h_mix_rho_x,Binary Density,R^2,0.9965626126402247,0.0009046592581975724,0.9943805711210011,0.9978952035624948,alcohol_alcohol
h_mix_rho_x,Binary Density,p,7.297729557859284e-77,2.7180657943153735e-64,2.7374646859073664e-83,2.4000617884863177e-70,alcohol_alcohol
h_mix_rho_x,Binary Density,RMSE,0.020113310902855477,0.0016240242764464117,0.016989747992954538,0.02318742407245119,alcohol_alcohol
h_mix_rho_x,Binary Density,MSE,0.004266301727368523,0.002424241303586494,-0.00034824741766661287,0.008879719116859202,alcohol_alcohol
h_mix_rho_x,Binary Density,MUE,0.01634925566769914,0.0014665513326795774,0.013518672780157698,0.019345421591968774,alcohol_alcohol
h_mix_rho_x,Binary Density,Tau,0.7368151561699948,0.06863795618889441,0.5819718294111095,0.8455904518389414,alcohol_alcohol
h_mix_rho_x,Binary Density,Slope,0.9522234192536109,0.06724854738431577,0.8760089155085408,1.1477930759185435,ester_ester
h_mix_rho_x,Binary Density,Intercept,0.04351372266765652,0.06262289261466489,-0.1363487574377351,0.11851697167882913,ester_ester
h_mix_rho_x,Binary Density,R,0.9737937024918668,0.005985858192008153,0.9623304827341053,0.9861810511752809,ester_ester
h_mix_rho_x,Binary Density,R^2,0.9482741750128184,0.01165425442949981,0.926079957999256,0.9725530656971819,ester_ester
h_mix_rho_x,Binary Density,p,1.3509235415265881e-17,1.0589641279370171e-13,4.899290545200268e-21,1.1865823581762157e-15,ester_ester
h_mix_rho_x,Binary Density,RMSE,0.012546368643062045,0.0012786363376682001,0.010147843502858581,0.015119067004050949,ester_ester
h_mix_rho_x,Binary Density,MSE,-0.0018292960058106141,0.0023691911232375674,-0.006698347114440658,0.0025764738373974566,ester_ester
h_mix_rho_x,Binary Density,MUE,0.011114069268178754,0.0011042534318224753,0.0090593059652468,0.013446914175430556,ester_ester
h_mix_rho_x,Binary Density,Tau,0.8860398860398863,0.058771204129473946,0.7337993857053429,0.9551039623466369,ester_ester
h_mix_rho_x,Binary Density,Slope,1.0839225252867808,0.034030522111931874,1.01093371081147,1.1407717497685157,alcohol_ester
h_mix_rho_x,Binary Density,Intercept,-0.08320217709402244,0.029637597312600822,-0.13214579952594352,-0.01906945569296592,alcohol_ester
h_mix_rho_x,Binary Density,R,0.9917922974722986,0.002542799910452221,0.9860771995979255,0.9960598003710857,alcohol_ester
h_mix_rho_x,Binary Density,R^2,0.9836519613253804,0.005038162559143026,0.972348243566887,0.992135125915287,alcohol_ester
h_mix_rho_x,Binary Density,p,1.466703778936671e-26,3.036248053355255e-21,5.212171580660478e-31,2.40458400561604e-23,alcohol_ester
h_mix_rho_x,Binary Density,RMSE,0.013301597618651658,0.0008025555910822756,0.011695230604414691,0.014934539302492968,alcohol_ester
h_mix_rho_x,Binary Density,MSE,-0.008074844353996403,0.0019053191765306555,-0.01176798125396474,-0.004061855293423785,alcohol_ester
h_mix_rho_x,Binary Density,MUE,0.012541329787011135,0.0008058609303502238,0.01096364103873082,0.014182000923027365,alcohol_ester
h_mix_rho_x,Binary Density,Tau,0.9310344827586208,0.03336611069832662,0.840897010711895,0.968514043167447,alcohol_ester
h_mix_rho_x_rho_pure,Binary Density,Slope,1.109374769679288,0.006314778589299823,1.097109337124693,1.1215003588200974,alcohol_alcohol
h_mix_rho_x_rho_pure,Binary Density,Intercept,-0.09272370756928106,0.006413620963895674,-0.10501645436618623,-0.08025503607400208,alcohol_alcohol
h_mix_rho_x_rho_pure,Binary Density,R,0.9984572103946486,0.0004415505250455487,0.997376442584661,0.9990721994100245,alcohol_alcohol
h_mix_rho_x_rho_pure,Binary Density,R^2,0.9969168009890637,0.0008814480955562629,0.9947597682228335,0.9981452596339837,alcohol_alcohol
h_mix_rho_x_rho_pure,Binary Density,p,2.646622937113496e-78,1.5638086451645597e-66,5.0311816521559686e-85,3.272932947562976e-71,alcohol_alcohol
h_mix_rho_x_rho_pure,Binary Density,RMSE,0.017777183908895697,0.0015236031655302966,0.014737422800025211,0.020674318850697725,alcohol_alcohol
h_mix_rho_x_rho_pure,Binary Density,MSE,0.005535231350987461,0.0021270002016062057,0.001531470624239567,0.009768639997706335,alcohol_alcohol
h_mix_rho_x_rho_pure,Binary Density,MUE,0.014331880638319736,0.0013048787567226617,0.011824148636601108,0.016928524386075627,alcohol_alcohol
h_mix_rho_x_rho_pure,Binary Density,Tau,0.76036866359447,0.06605240107919767,0.6053413490222359,0.8675452514604938,alcohol_alcohol
h_mix_rho_x_rho_pure,Binary Density,Slope,0.9297342180065997,0.06057380297961504,0.8602493101863329,1.1011689907244282,ester_ester
h_mix_rho_x_rho_pure,Binary Density,Intercept,0.06334465551727131,0.05633314235513316,-0.09539798329074611,0.1305456289183129,ester_ester
h_mix_rho_x_rho_pure,Binary Density,R,0.9769466455216597,0.00536103458604777,0.966260388769647,0.9878003856217751,ester_ester
h_mix_rho_x_rho_pure,Binary Density,R^2,0.9544247481960233,0.01047426433145537,0.9336591389052694,0.9757496018345275,ester_ester
h_mix_rho_x_rho_pure,Binary Density,p,2.767616376391947e-18,3.545033207219879e-16,1.0659959245252464e-21,3.3933468958794815e-16,ester_ester
h_mix_rho_x_rho_pure,Binary Density,RMSE,0.012197277955575642,0.0017123696920713413,0.009012692118077878,0.015637002003443812,ester_ester
h_mix_rho_x_rho_pure,Binary Density,MSE,-0.0033420477850225577,0.0023078170664231367,-0.00808774365246592,0.0009016867347305298,ester_ester
h_mix_rho_x_rho_pure,Binary Density,MUE,0.01023253931488762,0.0012943430848790605,0.00796183140476229,0.013053327923980725,ester_ester
h_mix_rho_x_rho_pure,Binary Density,Tau,0.891737891737892,0.057447721540938294,0.7359931107361866,0.9552585271513281,ester_ester
h_mix_rho_x_rho_pure,Binary Density,Slope,1.0509608642345494,0.03286438085456361,0.9787938204922462,1.1064633592501925,alcohol_ester
h_mix_rho_x_rho_pure,Binary Density,Intercept,-0.05271631632975471,0.028674092899838865,-0.1009087029140463,0.010577476485476467,alcohol_ester
h_mix_rho_x_rho_pure,Binary Density,R,0.9929216281701216,0.0019593844834693876,0.9888397938410227,0.9964203222407045,alcohol_ester
h_mix_rho_x_rho_pure,Binary Density,R^2,0.9858933596880053,0.0038882434631240027,0.9778041378835564,0.9928534585742694,alcohol_ester
h_mix_rho_x_rho_pure,Binary Density,p,1.859056810297412e-27,3.6498233262652564e-22,1.4640738176588363e-31,1.1179353234601978e-24,alcohol_ester
h_mix_rho_x_rho_pure,Binary Density,RMSE,0.011302046346247818,0.0006922442202770778,0.009889596879958221,0.012647915861801428,alcohol_ester
h_mix_rho_x_rho_pure,Binary Density,MSE,-0.007096218614804964,0.0016341885544201183,-0.010062356270795122,-0.003692617835207627,alcohol_ester
h_mix_rho_x_rho_pure,Binary Density,MUE,0.010554224868438345,0.0007296574969020693,0.009099352884693823,0.011936760913695372,alcohol_ester
h_mix_rho_x_rho_pure,Binary Density,Tau,0.9356321839080461,0.03224810129690217,0.8488946000065122,0.9708845090496375,alcohol_ester
h_mix_rho_x_rho_pure_h_vap,Binary Density,Slope,1.1352341182448482,0.006833422307863635,1.12280980522336,1.1496843120428533,alcohol_alcohol
h_mix_rho_x_rho_pure_h_vap,Binary Density,Intercept,-0.11529409728216145,0.0069148265287891225,-0.12959470345566348,-0.1024308051249685,alcohol_alcohol
h_mix_rho_x_rho_pure_h_vap,Binary Density,R,0.9983372077789324,0.000445237275013628,0.9972580871060209,0.9989762228835707,alcohol_alcohol
h_mix_rho_x_rho_pure_h_vap,Binary Density,R^2,0.9966771804358353,0.0008887274022621014,0.99452369229836,0.9979534938867255,alcohol_alcohol
h_mix_rho_x_rho_pure_h_vap,Binary Density,p,2.595082901306223e-77,1.1482499739685065e-65,1.029135802859985e-83,1.0875634295367628e-70,alcohol_alcohol
h_mix_rho_x_rho_pure_h_vap,Binary Density,RMSE,0.021145504423890307,0.0016559092619654618,0.017874311184742926,0.024398727088477384,alcohol_alcohol
h_mix_rho_x_rho_pure_h_vap,Binary Density,MSE,0.006196087369383907,0.0025631153916208546,0.0013036020391825151,0.011280067525029178,alcohol_alcohol
h_mix_rho_x_rho_pure_h_vap,Binary Density,MUE,0.016978968726486174,0.0015471535357649254,0.014110936410495887,0.020219358939976742,alcohol_alcohol
h_mix_rho_x_rho_pure_h_vap,Binary Density,Tau,0.7388632872503839,0.0705125448770839,0.5812425875526337,0.86108691705285,alcohol_alcohol
h_mix_rho_x_rho_pure_h_vap,Binary Density,Slope,0.9912001962654601,0.07185916736993928,0.9092213847220783,1.1957602376802703,ester_ester
h_mix_rho_x_rho_pure_h_vap,Binary Density,Intercept,0.00823067687658352,0.06696000630815649,-0.17450790336354627,0.08802660366012227,ester_ester
h_mix_rho_x_rho_pure_h_vap,Binary Density,R,0.970566830977159,0.006729943324531381,0.9573106726026872,0.9843493873813074,ester_ester
h_mix_rho_x_rho_pure_h_vap,Binary Density,R^2,0.9419999733930452,0.01306588393102865,0.9164437238790094,0.9689437164379552,ester_ester
h_mix_rho_x_rho_pure_h_vap,Binary Density,p,5.668524023735372e-17,8.754777718351398e-15,2.6687662194809993e-20,5.509752526263652e-15,ester_ester
h_mix_rho_x_rho_pure_h_vap,Binary Density,RMSE,0.013429960248058908,0.0009187943722274963,0.01166933713569515,0.01523783261756001,ester_ester
h_mix_rho_x_rho_pure_h_vap,Binary Density,MSE,-0.00012089744758475368,0.0026041935094294356,-0.005318001378080435,0.004875884530061685,ester_ester
h_mix_rho_x_rho_pure_h_vap,Binary Density,MUE,0.0125468177127557,0.0009127120253258122,0.01081503754660118,0.014384233667135956,ester_ester
h_mix_rho_x_rho_pure_h_vap,Binary Density,Tau,0.8803418803418804,0.06195605627604374,0.7178912567682708,0.953612183197845,ester_ester
h_mix_rho_x_rho_pure_h_vap,Binary Density,Slope,1.0900923702983278,0.030364809888699683,1.024794530140097,1.141609450360098,alcohol_ester
h_mix_rho_x_rho_pure_h_vap,Binary Density,Intercept,-0.08754239552096277,0.026679972475169556,-0.13249749133959443,-0.02927745698774331,alcohol_ester
h_mix_rho_x_rho_pure_h_vap,Binary Density,R,0.9921169660694503,0.0033103190605364968,0.984605894906367,0.9969955279839173,alcohol_ester
h_mix_rho_x_rho_pure_h_vap,Binary Density,R^2,0.9842960743628508,0.006554675473872839,0.9694487682843678,0.9940000828199301,alcohol_ester
h_mix_rho_x_rho_pure_h_vap,Binary Density,p,8.35229649788206e-27,1.1668485934381385e-19,1.272058315537307e-32,9.463554145344247e-23,alcohol_ester
h_mix_rho_x_rho_pure_h_vap,Binary Density,RMSE,0.012702544290233184,0.0007777511443077919,0.011217034646951327,0.014250202001019585,alcohol_ester
h_mix_rho_x_rho_pure_h_vap,Binary Density,MSE,-0.006891825753059863,0.001991148720544754,-0.01066170757609386,-0.002732430692088602,alcohol_ester
h_mix_rho_x_rho_pure_h_vap,Binary Density,MUE,0.011998646668589515,0.0007483689163418274,0.010577599360053069,0.013501565211036508,alcohol_ester
h_mix_rho_x_rho_pure_h_vap,Binary Density,Tau,0.9172413793103448,0.035957356639118594,0.8235185567764864,0.959333608078898,alcohol_ester
h_mix_v_excess,Binary Density,Slope,0.9934931279253704,0.005718123132985726,0.9820440930582577,1.004411290921405,alcohol_alcohol
h_mix_v_excess,Binary Density,Intercept,0.01112236930390409,0.005971534538072828,-0.0003585066594938846,0.023009485892844905,alcohol_alcohol
h_mix_v_excess,Binary Density,R,0.9983686450918756,0.0004934641973413594,0.9972165493617903,0.9990843291191729,alcohol_alcohol
h_mix_v_excess,Binary Density,R^2,0.9967399515025875,0.0009849834073444924,0.9944408463210359,0.9981694966915078,alcohol_alcohol
h_mix_v_excess,Binary Density,p,1.450493228671365e-77,5.1721712706750745e-64,3.708323984593683e-85,1.7197518900781035e-70,alcohol_alcohol
h_mix_v_excess,Binary Density,RMSE,0.009329328587455431,0.0010448163728385734,0.007196203424070959,0.011307807746516086,alcohol_alcohol
h_mix_v_excess,Binary Density,MSE,0.005276794976133454,0.0009754695071231131,0.0034018132877505452,0.007226666984759563,alcohol_alcohol
h_mix_v_excess,Binary Density,MUE,0.006758431956274336,0.0008111695487342377,0.005255147491562877,0.008437154090873434,alcohol_alcohol
h_mix_v_excess,Binary Density,Tau,0.7992831541218637,0.05791281470705274,0.6641065798018227,0.8884105323851805,alcohol_alcohol
h_mix_v_excess,Binary Density,Slope,0.9798948949806584,0.05116703148056196,0.9194247782777101,1.1322806177854554,ester_ester
h_mix_v_excess,Binary Density,Intercept,0.040737740204909056,0.047762155259599245,-0.0986079893194729,0.09942680086483524,ester_ester
h_mix_v_excess,Binary Density,R,0.9859099833525226,0.0033335666553770825,0.9793460440672196,0.9921371859358351,ester_ester
h_mix_v_excess,Binary Density,R^2,0.9720184952741713,0.006570253112874628,0.9591186740301124,0.9843361957166779,ester_ester
h_mix_v_excess,Binary Density,p,6.1690374758201775e-21,1.807553528585893e-18,4.4073252764163766e-24,7.321076281636008e-19,ester_ester
h_mix_v_excess,Binary Density,RMSE,0.023505734936596398,0.0016584042523689188,0.020272715365446076,0.026687958898059454,ester_ester
h_mix_v_excess,Binary Density,MSE,0.02165671477190066,0.001741487504525541,0.01836414346254411,0.02515556363578512,ester_ester
h_mix_v_excess,Binary Density,MUE,0.02165671477190066,0.001741487504525541,0.01836414346254411,0.02515556363578512,ester_ester
h_mix_v_excess,Binary Density,Tau,0.9088319088319089,0.05219063408736224,0.7566361729140467,0.9594446736149572,ester_ester
h_mix_v_excess,Binary Density,Slope,1.0154965290110591,0.01639045190167687,0.9883163712894258,1.0522691058863136,alcohol_ester
h_mix_v_excess,Binary Density,Intercept,-0.0024009190486341536,0.014779697691411795,-0.03439305006174487,0.022921812574694056,alcohol_ester
h_mix_v_excess,Binary Density,R,0.9959482887494169,0.0017769672037005971,0.9913921607128475,0.9984663904641844,alcohol_ester
h_mix_v_excess,Binary Density,R^2,0.9919129938628919,0.003535698427277176,0.9828584163228885,0.9969351328865771,alcohol_ester
h_mix_v_excess,Binary Density,p,7.676412707883436e-31,6.808043640826889e-25,1.003688973626915e-36,3.115898049526628e-26,alcohol_ester
h_mix_v_excess,Binary Density,RMSE,0.012960013937994796,0.0012158062218959316,0.01055489897071383,0.015269762834686283,alcohol_ester
h_mix_v_excess,Binary Density,MSE,0.011471553060027487,0.0010622685657976179,0.009513479068428221,0.013630614034961294,alcohol_ester
h_mix_v_excess,Binary Density,MUE,0.011471553060027487,0.0010622685657976179,0.009513479068428221,0.013630614034961294,alcohol_ester
h_mix_v_excess,Binary Density,Tau,0.9402298850574713,0.029837592064598815,0.8564203350368755,0.9710170456045949,alcohol_ester
openff-1.0.0,Binary Density,Slope,1.0116578987079459,0.005693905037807627,0.9998203391231063,1.022269092225117,alcohol_alcohol
openff-1.0.0,Binary Density,Intercept,0.0008658968342231121,0.005929434316971941,-0.010383771480766413,0.013354378030999037,alcohol_alcohol
openff-1.0.0,Binary Density,R,0.9984424882425321,0.0004834521153738919,0.9972155068500718,0.999160967655729,alcohol_alcohol
openff-1.0.0,Binary Density,R^2,0.9968874023279389,0.0009651268009969353,0.9944387671022455,0.9983226392867328,alcohol_alcohol
openff-1.0.0,Binary Density,p,3.5351015690192623e-78,2.3750694611466854e-64,2.3252352475095358e-86,1.8110933569113443e-70,alcohol_alcohol
openff-1.0.0,Binary Density,RMSE,0.013742829981708456,0.0009935520529573084,0.011855913664212594,0.015701893619940014,alcohol_alcohol
openff-1.0.0,Binary Density,MSE,0.011338995524547885,0.0009737781440169018,0.009526373718837073,0.013363212063673238,alcohol_alcohol
openff-1.0.0,Binary Density,MUE,0.011412237767214398,0.0009609190801606495,0.00963400516163234,0.013376178922673319,alcohol_alcohol
openff-1.0.0,Binary Density,Tau,0.7849462365591398,0.06087904903944184,0.642768443919521,0.883582058812279,alcohol_alcohol
openff-1.0.0,Binary Density,Slope,0.9930845983024159,0.05094424493099817,0.9357306998023573,1.137285424763516,ester_ester
openff-1.0.0,Binary Density,Intercept,0.03945272248951248,0.04748146086462851,-0.08932880028241852,0.09565591631571613,ester_ester
openff-1.0.0,Binary Density,R,0.9870181477052831,0.003109165600333826,0.9808253114385267,0.9929292470644455,ester_ester
openff-1.0.0,Binary Density,R^2,0.974204823899568,0.0061349277880437415,0.9620182915584828,0.9859084896759667,ester_ester
openff-1.0.0,Binary Density,p,2.228996552382245e-21,7.173552523947555e-18,1.1733510509617378e-24,2.8733450956988384e-19,ester_ester
openff-1.0.0,Binary Density,RMSE,0.03405318366593473,0.0016732586283764645,0.03087640236022354,0.037367918416290224,ester_ester
openff-1.0.0,Binary Density,MSE,0.03288956574180432,0.0016856079537725173,0.0298214390086013,0.03632716450206995,ester_ester
openff-1.0.0,Binary Density,MUE,0.03288956574180432,0.0016856079537725173,0.0298214390086013,0.03632716450206995,ester_ester
openff-1.0.0,Binary Density,Tau,0.9202279202279204,0.04283527040978894,0.8019674323529279,0.966955521993959,ester_ester
openff-1.0.0,Binary Density,Slope,1.0560067570290848,0.018156241786901752,1.0264403092955972,1.0974320594809097,alcohol_ester
openff-1.0.0,Binary Density,Intercept,-0.03079755237218429,0.016286528218533068,-0.06721587076109625,-0.003161540042925126,alcohol_ester
openff-1.0.0,Binary Density,R,0.9957204417259757,0.0017446270256443062,0.9916405022823827,0.9982054276035555,alcohol_ester
openff-1.0.0,Binary Density,R^2,0.9914591980709723,0.003469955756761798,0.9833508857668561,0.996414075697197,alcohol_ester
openff-1.0.0,Binary Density,p,1.6489340877107792e-30,1.3971405688562302e-23,9.285098052279487e-36,1.919309319082761e-26,alcohol_ester
openff-1.0.0,Binary Density,RMSE,0.020678689715368306,0.0013633355065683043,0.01790183217440491,0.02327819249851109,alcohol_ester
openff-1.0.0,Binary Density,MSE,0.019339621844576483,0.0013390273376795055,0.016735612306266353,0.02199517624704937,alcohol_ester
openff-1.0.0,Binary Density,MUE,0.019339621844576483,0.0013390273376795055,0.016735612306266353,0.02199517624704937,alcohol_ester
openff-1.0.0,Binary Density,Tau,0.9448275862068967,0.03294246601927418,0.8502663367365402,0.9767855151795615,alcohol_ester
rho_pure_h_vap,Binary Density,Slope,1.0939233192224882,0.006379124422271389,1.0820898703140116,1.106857511674581,alcohol_alcohol
rho_pure_h_vap,Binary Density,Intercept,-0.0698807272447175,0.006512014723436381,-0.08302725909547182,-0.05787244066891162,alcohol_alcohol
rho_pure_h_vap,Binary Density,R,0.9985334385164895,0.0004332389199236521,0.997514183760283,0.9991644425472311,alcohol_alcohol
rho_pure_h_vap,Binary Density,R^2,0.9970690278355638,0.0008649992044648328,0.9950345468029437,0.9983295832507192,alcohol_alcohol
rho_pure_h_vap,Binary Density,p,5.648968053562662e-79,2.070382203976315e-66,2.0654720222153687e-86,5.803970732567109e-72,alcohol_alcohol
rho_pure_h_vap,Binary Density,RMSE,0.020820249794873947,0.001675776828229178,0.017495102384006842,0.024000923030331432,alcohol_alcohol
rho_pure_h_vap,Binary Density,MSE,0.014497102429642958,0.0018882090748355113,0.010761518709708215,0.018238566590815897,alcohol_alcohol
rho_pure_h_vap,Binary Density,MUE,0.015935035153264908,0.0017052321111803927,0.012636585646505678,0.019357983425725377,alcohol_alcohol
rho_pure_h_vap,Binary Density,Tau,0.7869943676395288,0.06111260339238313,0.6434950387501671,0.8806606740138109,alcohol_alcohol
rho_pure_h_vap,Binary Density,Slope,1.0237670660879172,0.07062947811261881,0.9379877008678689,1.2187994481075353,ester_ester
rho_pure_h_vap,Binary Density,Intercept,-0.0332765084612745,0.06616723363488014,-0.2118107143470387,0.05203389598638364,ester_ester
rho_pure_h_vap,Binary Density,R,0.9680648418465835,0.008445813350495029,0.9500980630762439,0.983412781016519,ester_ester
rho_pure_h_vap,Binary Density,R^2,0.9371495380194507,0.01631996211600914,0.9026863294612303,0.9671006978666439,ester_ester
rho_pure_h_vap,Binary Density,p,1.5506260715542837e-16,1.0643585515216762e-13,4.8859024307996023e-20,3.7532968245940546e-14,ester_ester
rho_pure_h_vap,Binary Density,RMSE,0.01805262235515923,0.0012199614868618643,0.015553115475077282,0.02031494049940793,ester_ester
rho_pure_h_vap,Binary Density,MSE,-0.01072004869370502,0.002725285234086751,-0.015930095741025534,-0.005412038750877562,ester_ester
rho_pure_h_vap,Binary Density,MUE,0.016247799473252885,0.0014685144471926258,0.013312998414143459,0.019148465267023254,ester_ester
rho_pure_h_vap,Binary Density,Tau,0.8860398860398863,0.06052281405264588,0.7258186116311512,0.9580805673531195,ester_ester
rho_pure_h_vap,Binary Density,Slope,1.0257393549985643,0.03512523404848946,0.9514454889086695,1.084669359856724,alcohol_ester
rho_pure_h_vap,Binary Density,Intercept,-0.0301963480951426,0.031035287320509027,-0.08317741586689087,0.03628034328032581,alcohol_ester
rho_pure_h_vap,Binary Density,R,0.9895724783381532,0.004125138752880123,0.9808339743713477,0.9957150161562003,alcohol_ester
rho_pure_h_vap,Binary Density,R^2,0.9792536898843147,0.008140758500090094,0.9620352852810935,0.9914483933989422,alcohol_ester
rho_pure_h_vap,Binary Density,p,4.129548302300279e-25,2.578282355248364e-18,1.712777368556328e-30,1.9750611760867274e-21,alcohol_ester
rho_pure_h_vap,Binary Density,RMSE,0.012153562902648166,0.0007819384233828257,0.010537567576780461,0.013606036494771595,alcohol_ester
rho_pure_h_vap,Binary Density,MSE,-0.007154511819567648,0.0018026781160359025,-0.010529669537365545,-0.0033035333761197976,alcohol_ester
rho_pure_h_vap,Binary Density,MUE,0.011264048329099144,0.0008369815752141382,0.009565151593921406,0.012861437652449802,alcohol_ester
rho_pure_h_vap,Binary Density,Tau,0.903448275862069,0.04669642927232379,0.7818646490581265,0.959333608078898,alcohol_ester
h_mix_rho_x,Binary Excess Molar Volume,Slope,1.543699017930154,0.24871871303395604,0.9101490638641571,1.8960088635519263,alcohol_alcohol
h_mix_rho_x,Binary Excess Molar Volume,Intercept,-0.004275868859435261,0.023027184339231694,-0.047253972610489636,0.04317558756190181,alcohol_alcohol
h_mix_rho_x,Binary Excess Molar Volume,R,0.8376971369501028,0.07087769644655827,0.6438230165765861,0.9096125316506024,alcohol_alcohol
h_mix_rho_x,Binary Excess Molar Volume,R^2,0.7017364932543994,0.10808439649293061,0.4145080766737751,0.8273949577358182,alcohol_alcohol
h_mix_rho_x,Binary Excess Molar Volume,p,1.1397985694173495e-17,0.0002769667226464546,6.188958551071381e-25,1.3624234076532074e-08,alcohol_alcohol
h_mix_rho_x,Binary Excess Molar Volume,RMSE,0.217098650460557,0.03545153450550875,0.15250923227651178,0.28759435498025865,alcohol_alcohol
h_mix_rho_x,Binary Excess Molar Volume,MSE,-0.03125591190269985,0.02661440764116828,-0.08287767701612894,0.019643698257022363,alcohol_alcohol
h_mix_rho_x,Binary Excess Molar Volume,MUE,0.1462729439430191,0.020136447183839983,0.11496694243526398,0.19163394042392431,alcohol_alcohol
h_mix_rho_x,Binary Excess Molar Volume,Tau,0.37839221710189447,0.09161773805377627,0.17109347505086495,0.5272265111854926,alcohol_alcohol
h_mix_rho_x,Binary Excess Molar Volume,Slope,0.7477970188195524,0.1977867376384997,0.3830414894633339,1.1729010723754207,ester_ester
h_mix_rho_x,Binary Excess Molar Volume,Intercept,-0.07785776870094907,0.01748392075339447,-0.11350967677980771,-0.0447443188148516,ester_ester
h_mix_rho_x,Binary Excess Molar Volume,R,0.6969444593586244,0.10516479764923325,0.4333494363832722,0.8455300598273244,ester_ester
h_mix_rho_x,Binary Excess Molar Volume,R^2,0.48573157943068523,0.13472922474735666,0.1877917340136997,0.7149210820715989,ester_ester
h_mix_rho_x,Binary Excess Molar Volume,p,0.00015422713591393524,0.02589216425725321,1.9910620261618217e-07,0.03449779925785871,ester_ester
h_mix_rho_x,Binary Excess Molar Volume,RMSE,0.1158181493026485,0.01315053313285816,0.09611178818910522,0.14755990626902465,ester_ester
h_mix_rho_x,Binary Excess Molar Volume,MSE,-0.07222217402748167,0.020219979514480513,-0.11278073219052027,-0.034906968807041215,ester_ester
h_mix_rho_x,Binary Excess Molar Volume,MUE,0.09731814374425307,0.01376390948830294,0.07598171530156388,0.1311179767971698,ester_ester
h_mix_rho_x,Binary Excess Molar Volume,Tau,0.4565217391304348,0.11973290914400167,0.1771519258664224,0.6445718106976001,ester_ester
h_mix_rho_x,Binary Excess Molar Volume,Slope,0.09076283655469464,0.05423954424367978,-0.029680924052662143,0.19071389792382037,alcohol_ester
h_mix_rho_x,Binary Excess Molar Volume,Intercept,0.03813012218593627,0.039434260074811656,-0.036439426278112134,0.11773815794838477,alcohol_ester
h_mix_rho_x,Binary Excess Molar Volume,R,0.2538397915399688,0.15549037705381588,-0.048102613865251866,0.5804468599037844,alcohol_ester
h_mix_rho_x,Binary Excess Molar Volume,R^2,0.06443463976905481,0.0869273706740747,0.00029986591792918114,0.3369185571721635,alcohol_ester
h_mix_rho_x,Binary Excess Molar Volume,p,0.1758791602849161,0.2599276359733565,0.0008647481498018736,0.9287819760702414,alcohol_ester
h_mix_rho_x,Binary Excess Molar Volume,RMSE,0.619564393968387,0.10689233165262127,0.39760342709589924,0.8162273155548855,alcohol_ester
h_mix_rho_x,Binary Excess Molar Volume,MSE,-0.1744611738750242,0.10593017744655685,-0.39023026542902184,0.028685131339972882,alcohol_ester
h_mix_rho_x,Binary Excess Molar Volume,MUE,0.4174615485752637,0.08103371055843002,0.27617735872323684,0.5903886111832208,alcohol_ester
h_mix_rho_x,Binary Excess Molar Volume,Tau,0.21839080459770116,0.13663206022800561,-0.10072025476493451,0.42864666562751197,alcohol_ester
h_mix_rho_x_rho_pure,Binary Excess Molar Volume,Slope,1.429985970599837,0.19436125836300208,0.9744318568783954,1.7182447512312393,alcohol_alcohol
h_mix_rho_x_rho_pure,Binary Excess Molar Volume,Intercept,-0.03047310625339826,0.020441629748627652,-0.06710492393034369,0.011616799984238035,alcohol_alcohol
h_mix_rho_x_rho_pure,Binary Excess Molar Volume,R,0.8540371107822315,0.064281281903595,0.6733881087711664,0.9195733544610759,alcohol_alcohol
h_mix_rho_x_rho_pure,Binary Excess Molar Volume,R^2,0.7293793865932616,0.10021940640728907,0.4534515450344082,0.8456151542347956,alcohol_alcohol
h_mix_rho_x_rho_pure,Binary Excess Molar Volume,p,5.761066071646195e-19,0.0006061223930818616,2.1709942890743582e-26,1.5026270620964627e-09,alcohol_alcohol
h_mix_rho_x_rho_pure,Binary Excess Molar Volume,RMSE,0.18965324225775002,0.029149591708322205,0.13682145480343405,0.2509454265482762,alcohol_alcohol
h_mix_rho_x_rho_pure,Binary Excess Molar Volume,MSE,-0.051810352803793584,0.023562686727151665,-0.09939938533771361,-0.007874711241204401,alcohol_alcohol
h_mix_rho_x_rho_pure,Binary Excess Molar Volume,MUE,0.12557243049798442,0.01831536878829207,0.09790079013229432,0.16950456140770032,alcohol_alcohol
h_mix_rho_x_rho_pure,Binary Excess Molar Volume,Tau,0.5104966717869943,0.08050831404489957,0.3006478929019235,0.6141402573342616,alcohol_alcohol
h_mix_rho_x_rho_pure,Binary Excess Molar Volume,Slope,0.7916579731211257,0.1972626726037036,0.42109620516575846,1.173667038899286,ester_ester
h_mix_rho_x_rho_pure,Binary Excess Molar Volume,Intercept,-0.07239123954420326,0.013313332895509344,-0.09833349820310991,-0.04515273873757287,ester_ester
h_mix_rho_x_rho_pure,Binary Excess Molar Volume,R,0.7806339993735861,0.11660303833343771,0.48413391866252414,0.9362895331682775,ester_ester
h_mix_rho_x_rho_pure,Binary Excess Molar Volume,R^2,0.6093894409780001,0.1665692396906301,0.23438565119953153,0.8766380899204709,ester_ester
h_mix_rho_x_rho_pure,Binary Excess Molar Volume,p,6.785274667448878e-06,0.012757312329900255,1.8103403964624294e-11,0.016559365804157917,ester_ester
h_mix_rho_x_rho_pure,Binary Excess Molar Volume,RMSE,0.10076513774878712,0.010978872151474653,0.08481556924822557,0.12842277618321746,ester_ester
h_mix_rho_x_rho_pure,Binary Excess Molar Volume,MSE,-0.06773573860031111,0.01601707183004706,-0.09741345836976582,-0.03310375421947314,ester_ester
h_mix_rho_x_rho_pure,Binary Excess Molar Volume,MUE,0.09175355590127965,0.010595288921210167,0.07279908160832088,0.11487347697052898,ester_ester
h_mix_rho_x_rho_pure,Binary Excess Molar Volume,Tau,0.6159420289855072,0.11999629283604235,0.29636948298292465,0.7794691673830324,ester_ester
h_mix_rho_x_rho_pure,Binary Excess Molar Volume,Slope,0.06096167594583251,0.05515878210992742,-0.06022021664099908,0.14794112232993242,alcohol_ester
h_mix_rho_x_rho_pure,Binary Excess Molar Volume,Intercept,0.054119416078924086,0.036002864401642305,-0.012524517242477403,0.1282774627921573,alcohol_ester
h_mix_rho_x_rho_pure,Binary Excess Molar Volume,R,0.18457707782701221,0.15260759629744883,-0.11626941231034693,0.4869237502903751,alcohol_ester
h_mix_rho_x_rho_pure,Binary Excess Molar Volume,R^2,0.034068697659158924,0.06616415401233611,9.426350413876767e-05,0.23709473859684357,alcohol_ester
h_mix_rho_x_rho_pure,Binary Excess Molar Volume,p,0.32884827465806854,0.2855668955863106,0.007067138902126134,0.9595759846375819,alcohol_ester
h_mix_rho_x_rho_pure,Binary Excess Molar Volume,RMSE,0.6293210450347198,0.10956561758178572,0.4079193189159515,0.8346674114645277,alcohol_ester
h_mix_rho_x_rho_pure,Binary Excess Molar Volume,MSE,-0.1654397730826135,0.10993582720040217,-0.38235322687064716,0.04636688782244573,alcohol_ester
h_mix_rho_x_rho_pure,Binary Excess Molar Volume,MUE,0.42040492246208494,0.08570682274819652,0.26453313476563134,0.6043469008049445,alcohol_ester
h_mix_rho_x_rho_pure,Binary Excess Molar Volume,Tau,0.11724137931034484,0.1371598076642936,-0.17230749271320012,0.36964753400762745,alcohol_ester
h_mix_rho_x_rho_pure_h_vap,Binary Excess Molar Volume,Slope,1.6872486756298248,0.32369458363182907,0.8386401194592209,2.1237590022096136,alcohol_alcohol
h_mix_rho_x_rho_pure_h_vap,Binary Excess Molar Volume,Intercept,-0.07616235777688299,0.032873839677456565,-0.1357911153097847,-0.006919218324745499,alcohol_alcohol
h_mix_rho_x_rho_pure_h_vap,Binary Excess Molar Volume,R,0.7786008995240535,0.1050856742803188,0.48704742272001134,0.8782551811687972,alcohol_alcohol
h_mix_rho_x_rho_pure_h_vap,Binary Excess Molar Volume,R^2,0.6062193607396653,0.13915651937639242,0.23721519197820543,0.7713321632498368,alcohol_alcohol
h_mix_rho_x_rho_pure_h_vap,Binary Excess Molar Volume,p,5.848799929701599e-14,0.021784350607896408,3.457085682514878e-21,5.229070201688445e-05,alcohol_alcohol
h_mix_rho_x_rho_pure_h_vap,Binary Excess Molar Volume,RMSE,0.30667085365677793,0.04411025745071127,0.21802866127810047,0.3919070444987077,alcohol_alcohol
h_mix_rho_x_rho_pure_h_vap,Binary Excess Molar Volume,MSE,-0.11026578308838726,0.0363276547120191,-0.18196668954787887,-0.038912516059733816,alcohol_alcohol
h_mix_rho_x_rho_pure_h_vap,Binary Excess Molar Volume,MUE,0.20114998757175698,0.02893327982341071,0.15289080260566043,0.2642944572906054,alcohol_alcohol
h_mix_rho_x_rho_pure_h_vap,Binary Excess Molar Volume,Tau,0.24526369687660007,0.10171198913377233,0.02576708961609412,0.42158125539867075,alcohol_alcohol
h_mix_rho_x_rho_pure_h_vap,Binary Excess Molar Volume,Slope,1.0853648390874189,0.2691639284489698,0.6024099505157628,1.6422113757275818,ester_ester
h_mix_rho_x_rho_pure_h_vap,Binary Excess Molar Volume,Intercept,-0.058958986600219,0.025044612162167815,-0.10489849143313865,-0.007976514725521891,ester_ester
h_mix_rho_x_rho_pure_h_vap,Binary Excess Molar Volume,R,0.7068346714884848,0.07455528677223709,0.5351083380721161,0.8239630756330064,ester_ester
h_mix_rho_x_rho_pure_h_vap,Binary Excess Molar Volume,R^2,0.4996152528182342,0.10047914302025104,0.2863409334743021,0.6789151500066034,ester_ester
h_mix_rho_x_rho_pure_h_vap,Binary Excess Molar Volume,p,0.00011276442319680204,0.006601976178040427,7.603221500673863e-07,0.007079882408801213,ester_ester
h_mix_rho_x_rho_pure_h_vap,Binary Excess Molar Volume,RMSE,0.13618894014663235,0.022893156939480016,0.09455116414395319,0.18369673228301298,ester_ester
h_mix_rho_x_rho_pure_h_vap,Binary Excess Molar Volume,MSE,-0.06086650422832448,0.026779117494469505,-0.11324648288030252,-0.009188048519298558,ester_ester
h_mix_rho_x_rho_pure_h_vap,Binary Excess Molar Volume,MUE,0.10035560946575306,0.019317923273124368,0.07026043468324605,0.14569634666565767,ester_ester
h_mix_rho_x_rho_pure_h_vap,Binary Excess Molar Volume,Tau,0.42028985507246375,0.11503116068809835,0.1724912926890895,0.6371201134641017,ester_ester
h_mix_rho_x_rho_pure_h_vap,Binary Excess Molar Volume,Slope,0.12832901818967712,0.06361137832474305,-0.012340655147410043,0.24169279126724846,alcohol_ester
h_mix_rho_x_rho_pure_h_vap,Binary Excess Molar Volume,Intercept,0.022163331544376833,0.04235210006193467,-0.053512776711408326,0.11267798501522888,alcohol_ester
h_mix_rho_x_rho_pure_h_vap,Binary Excess Molar Volume,R,0.3270857102518732,0.16776862444820226,-0.020435226479885518,0.6399253009832437,alcohol_ester
h_mix_rho_x_rho_pure_h_vap,Binary Excess Molar Volume,R^2,0.10698506185097235,0.10959494994309632,0.001510046441893326,0.4095043908384951,alcohol_ester
h_mix_rho_x_rho_pure_h_vap,Binary Excess Molar Volume,p,0.07768283749238677,0.23162961994805284,0.00014136734098445396,0.844703490481136,alcohol_ester
h_mix_rho_x_rho_pure_h_vap,Binary Excess Molar Volume,RMSE,0.606711925040328,0.10710919144216553,0.385132867101064,0.7993788070724653,alcohol_ester
h_mix_rho_x_rho_pure_h_vap,Binary Excess Molar Volume,MSE,-0.18164451003086873,0.10542036107825528,-0.39320959379982695,0.01435500154541369,alcohol_ester
h_mix_rho_x_rho_pure_h_vap,Binary Excess Molar Volume,MUE,0.4038041879014039,0.08403481812817577,0.2515413843973054,0.5835859474951146,alcohol_ester
h_mix_rho_x_rho_pure_h_vap,Binary Excess Molar Volume,Tau,0.2597701149425288,0.1460308317469458,-0.08178664024533544,0.4913036844405175,alcohol_ester
h_mix_v_excess,Binary Excess Molar Volume,Slope,1.040740186741699,0.0919001552061298,0.8244115224971537,1.1929884836386577,alcohol_alcohol
h_mix_v_excess,Binary Excess Molar Volume,Intercept,0.011716957814351912,0.010836797909242812,-0.008865921226114307,0.03398590302173096,alcohol_alcohol
h_mix_v_excess,Binary Excess Molar Volume,R,0.906427055835559,0.042179801883156,0.7864146522092701,0.9445709314835936,alcohol_alcohol
h_mix_v_excess,Binary Excess Molar Volume,R^2,0.8216100075507197,0.07227441966705059,0.6184480052094272,0.8922142446037837,alcohol_alcohol
h_mix_v_excess,Binary Excess Molar Volume,p,1.6423957189826016e-24,4.465564110610401e-10,3.385939160819669e-31,2.3544113304372897e-14,alcohol_alcohol
h_mix_v_excess,Binary Excess Molar Volume,RMSE,0.0919132280487997,0.010677545864740784,0.07752131955215906,0.11897774878376369,alcohol_alcohol
h_mix_v_excess,Binary Excess Molar Volume,MSE,0.009695302531496712,0.012350284209492893,-0.015084255072426861,0.03432995945763314,alcohol_alcohol
h_mix_v_excess,Binary Excess Molar Volume,MUE,0.06726733602916107,0.008121791718275819,0.058921187453639924,0.0911463736966553,alcohol_alcohol
h_mix_v_excess,Binary Excess Molar Volume,Tau,0.49411162314388113,0.08552291024626316,0.2992087832559547,0.6338267343929335,alcohol_alcohol
h_mix_v_excess,Binary Excess Molar Volume,Slope,0.5988966847562844,0.14475185646796346,0.33710052361723536,0.8987911546533991,ester_ester
h_mix_v_excess,Binary Excess Molar Volume,Intercept,-0.056021858564361496,0.011329169435098343,-0.07770889548679823,-0.033908044368410405,ester_ester
h_mix_v_excess,Binary Excess Molar Volume,R,0.7935535250703084,0.10642418336201709,0.49403062755485183,0.9079869759574614,ester_ester
h_mix_v_excess,Binary Excess Molar Volume,R^2,0.6297271971515126,0.1501892453628,0.24406626096224074,0.8244403485083756,ester_ester
h_mix_v_excess,Binary Excess Molar Volume,p,3.7141326271542934e-06,0.007126215398012793,9.034650192828182e-10,0.01421651241716379,ester_ester
h_mix_v_excess,Binary Excess Molar Volume,RMSE,0.08284318154696324,0.010411671351000334,0.06951616958925542,0.11012171388628116,ester_ester
h_mix_v_excess,Binary Excess Molar Volume,MSE,-0.047059015633966944,0.015403233888168737,-0.07723637547816269,-0.015283881204437286,ester_ester
h_mix_v_excess,Binary Excess Molar Volume,MUE,0.07123068366341853,0.010075429944313494,0.05686037106763841,0.09594147203389214,ester_ester
h_mix_v_excess,Binary Excess Molar Volume,Tau,0.6594202898550725,0.11031190967140295,0.3303372821962681,0.7689994077931245,ester_ester
h_mix_v_excess,Binary Excess Molar Volume,Slope,0.1205462826377173,0.07038070806847502,0.0018113930552209373,0.2920828277454045,alcohol_ester
h_mix_v_excess,Binary Excess Molar Volume,Intercept,0.09948929109528429,0.03606398633751124,0.03939989741367808,0.17802860589137476,alcohol_ester
h_mix_v_excess,Binary Excess Molar Volume,R,0.39655323926603064,0.17130069215611643,0.008396140071107673,0.6626605958229924,alcohol_ester
h_mix_v_excess,Binary Excess Molar Volume,R^2,0.15725447157238176,0.12124613651381111,0.0013851740536368663,0.4391190652564833,alcohol_ester
h_mix_v_excess,Binary Excess Molar Volume,p,0.030040437632460594,0.21845014767201543,6.657884075811399e-05,0.8483430984862044,alcohol_ester
h_mix_v_excess,Binary Excess Molar Volume,RMSE,0.573764535041738,0.11552774674651173,0.32614087730658964,0.7867311108715809,alcohol_ester
h_mix_v_excess,Binary Excess Molar Volume,MSE,-0.10613825374816183,0.10161986355356721,-0.3163030946147919,0.08593910244590441,alcohol_ester
h_mix_v_excess,Binary Excess Molar Volume,MUE,0.3393498730175805,0.08285332673072109,0.19399470268088684,0.5227440895247866,alcohol_ester
h_mix_v_excess,Binary Excess Molar Volume,Tau,0.3241379310344828,0.14082682437474245,-0.016396320543128874,0.5325539866353598,alcohol_ester
openff-1.0.0,Binary Excess Molar Volume,Slope,1.1043567226065119,0.1018334844942826,0.8655690365124874,1.2716343400046521,alcohol_alcohol
openff-1.0.0,Binary Excess Molar Volume,Intercept,0.016108563089665656,0.01065799960751886,-0.0036950282699080017,0.037480288955051344,alcohol_alcohol
openff-1.0.0,Binary Excess Molar Volume,R,0.9210088699104114,0.03741825640830143,0.8056995531834327,0.9538233203718367,alcohol_alcohol
openff-1.0.0,Binary Excess Molar Volume,R^2,0.8482573384536531,0.06550439290624586,0.649151769999983,0.9097789264851555,alcohol_alcohol
openff-1.0.0,Binary Excess Molar Volume,p,1.1635670969995566e-26,4.382830387977382e-11,1.690342506248238e-33,1.817770739425022e-15,alcohol_alcohol
openff-1.0.0,Binary Excess Molar Volume,RMSE,0.09055039939601371,0.011894833064408115,0.07355102037592946,0.12088770101045587,alcohol_alcohol
openff-1.0.0,Binary Excess Molar Volume,MSE,0.010930056645978436,0.012179676654317932,-0.013283253779782626,0.035404879554292265,alcohol_alcohol
openff-1.0.0,Binary Excess Molar Volume,MUE,0.06305688744029136,0.008942036234076856,0.053728725901123084,0.08955662538367078,alcohol_alcohol
openff-1.0.0,Binary Excess Molar Volume,Tau,0.6129032258064515,0.07559531321606469,0.41603867281563134,0.703389607083322,alcohol_alcohol
openff-1.0.0,Binary Excess Molar Volume,Slope,0.5704119237821214,0.2093413780824595,0.20994495023603962,1.061668187807668,ester_ester
openff-1.0.0,Binary Excess Molar Volume,Intercept,-0.04039343790803479,0.02087826268727143,-0.07797802821064054,0.00431531301154129,ester_ester
openff-1.0.0,Binary Excess Molar Volume,R,0.548789071217716,0.12280600722998117,0.24907146131636224,0.7465007441557481,ester_ester
openff-1.0.0,Binary Excess Molar Volume,R^2,0.3011694446880034,0.1242650421791483,0.06203659284226813,0.5572633610250857,ester_ester
openff-1.0.0,Binary Excess Molar Volume,p,0.005485872606869915,0.07334218779093264,2.82645821305819e-05,0.24268495647889304,ester_ester
openff-1.0.0,Binary Excess Molar Volume,RMSE,0.1126736466937731,0.013053739560932316,0.09364443007912462,0.14403800675147557,ester_ester
openff-1.0.0,Binary Excess Molar Volume,MSE,-0.030794089546698766,0.02340670754933304,-0.07404912958969291,0.01714538613511635,ester_ester
openff-1.0.0,Binary Excess Molar Volume,MUE,0.09553106342468469,0.013071794121697096,0.07522274717598808,0.12684783752798157,ester_ester
openff-1.0.0,Binary Excess Molar Volume,Tau,0.2753623188405797,0.12661122812663186,0.007466013667894413,0.5057474732445217,ester_ester
openff-1.0.0,Binary Excess Molar Volume,Slope,0.11641759075456708,0.058038765746396014,0.013695859015793878,0.25446078955710016,alcohol_ester
openff-1.0.0,Binary Excess Molar Volume,Intercept,0.11643427923470823,0.031577484468127984,0.05930640883286188,0.1865742596523786,alcohol_ester
openff-1.0.0,Binary Excess Molar Volume,R,0.4415848938809927,0.15692301726031624,0.05141528527004775,0.6701135703377712,alcohol_ester
openff-1.0.0,Binary Excess Molar Volume,R^2,0.1949972185038876,0.11985006876346083,0.005455843541703788,0.449052197150835,alcohol_ester
openff-1.0.0,Binary Excess Molar Volume,p,0.014568163082149014,0.16908958732389628,5.217611871282237e-05,0.7037872453337863,alcohol_ester
openff-1.0.0,Binary Excess Molar Volume,RMSE,0.5662148415338403,0.11159529320884874,0.3347709400779403,0.7690927344451014,alcohol_ester
openff-1.0.0,Binary Excess Molar Volume,MSE,-0.09015860665919537,0.10292225387146481,-0.29716372125006246,0.10228763867632036,alcohol_ester
openff-1.0.0,Binary Excess Molar Volume,MUE,0.35888700564890264,0.07748674779295844,0.21854966798297135,0.517079079475228,alcohol_ester
openff-1.0.0,Binary Excess Molar Volume,Tau,0.2597701149425288,0.13048089667793825,-0.018851468553464062,0.4971235592329744,alcohol_ester
rho_pure_h_vap,Binary Excess Molar Volume,Slope,1.4366596863376835,0.16925343017146846,0.9877496015117381,1.668023198022144,alcohol_alcohol
rho_pure_h_vap,Binary Excess Molar Volume,Intercept,-0.027134487457935882,0.01954653185521166,-0.06293144702969128,0.011890283829098958,alcohol_alcohol
rho_pure_h_vap,Binary Excess Molar Volume,R,0.8659797610891983,0.06101529829644625,0.6945376536324601,0.9266793473830417,alcohol_alcohol
rho_pure_h_vap,Binary Excess Molar Volume,R^2,0.7499209466161049,0.09642163505562892,0.48238255231328314,0.8587346128662601,alcohol_alcohol
rho_pure_h_vap,Binary Excess Molar Volume,p,5.117708321058712e-20,0.00021500477319541015,1.536949420689236e-27,2.8001995411180384e-10,alcohol_alcohol
rho_pure_h_vap,Binary Excess Molar Volume,RMSE,0.18271833903974508,0.02442456829427775,0.13692194170549632,0.23304051592610614,alcohol_alcohol
rho_pure_h_vap,Binary Excess Molar Volume,MSE,-0.04880290462282133,0.02233029622707678,-0.09502245461494246,-0.008256599931437871,alcohol_alcohol
rho_pure_h_vap,Binary Excess Molar Volume,MUE,0.11875884636996933,0.017431333536286352,0.09177850871027479,0.16033541505142992,alcohol_alcohol
rho_pure_h_vap,Binary Excess Molar Volume,Tau,0.527905785970302,0.08493713311206116,0.2899229934307699,0.623474450439586,alcohol_alcohol
rho_pure_h_vap,Binary Excess Molar Volume,Slope,1.0464805453189612,0.28173876119482555,0.5263092889899148,1.6272744465882525,ester_ester
rho_pure_h_vap,Binary Excess Molar Volume,Intercept,-0.058712044384060434,0.023732616823350466,-0.10463058872555635,-0.013291049098088356,ester_ester
rho_pure_h_vap,Binary Excess Molar Volume,R,0.6913611338994429,0.12148133463829622,0.4153963590783309,0.884024640218211,ester_ester
rho_pure_h_vap,Binary Excess Molar Volume,R^2,0.47798021746672337,0.15664212945432915,0.1725541351355336,0.7814995645129375,ester_ester
rho_pure_h_vap,Binary Excess Molar Volume,p,0.00018306906956349275,0.02717221987949798,1.0693558571062408e-08,0.043759303383185066,ester_ester
rho_pure_h_vap,Binary Excess Molar Volume,RMSE,0.1362027221816099,0.02153839793421239,0.09937331821939968,0.18398174187028696,ester_ester
rho_pure_h_vap,Binary Excess Molar Volume,MSE,-0.05975067411156545,0.02696519941782463,-0.11407053305738957,-0.008720662511366937,ester_ester
rho_pure_h_vap,Binary Excess Molar Volume,MUE,0.10888163018999512,0.018159467956303042,0.07897763813292796,0.15015172503695579,ester_ester
rho_pure_h_vap,Binary Excess Molar Volume,Tau,0.5797101449275361,0.11750536958673159,0.2941494555969643,0.738619316371431,ester_ester
rho_pure_h_vap,Binary Excess Molar Volume,Slope,0.29658925696816457,0.17502507649117208,0.0005914443515017658,0.7469069707739858,alcohol_ester
rho_pure_h_vap,Binary Excess Molar Volume,Intercept,0.08392028066038713,0.07290608482341529,-0.036950748439688014,0.2550243195559029,alcohol_ester
rho_pure_h_vap,Binary Excess Molar Volume,R,0.5090275902314361,0.189128163226853,0.0020377039450795807,0.8069994240890603,alcohol_ester
rho_pure_h_vap,Binary Excess Molar Volume,R^2,0.2591090876168228,0.1650760893174871,0.008061258101975204,0.651248070480075,alcohol_ester
rho_pure_h_vap,Binary Excess Molar Volume,p,0.004069806420202798,0.15936120839188106,7.178676266159534e-08,0.6390561704896094,alcohol_ester
rho_pure_h_vap,Binary Excess Molar Volume,RMSE,0.5340533783335629,0.11996290025496627,0.2759560956505312,0.7596260283259982,alcohol_ester
rho_pure_h_vap,Binary Excess Molar Volume,MSE,-0.08054616168970775,0.09741282196572816,-0.2801220417513406,0.09655166712671068,alcohol_ester
rho_pure_h_vap,Binary Excess Molar Volume,MUE,0.3229579874048614,0.07894984133205701,0.18365235243830408,0.4940091228563294,alcohol_ester
rho_pure_h_vap,Binary Excess Molar Volume,Tau,0.3241379310344828,0.14874036145039018,0.00933596333344945,0.5972945340711232,alcohol_ester
h_mix_rho_x,Binary Enthalpy Of Mixing,Slope,1.049057437416583,0.06569978344300573,0.9368065021992367,1.1927150895268257,alcohol_alcohol
h_mix_rho_x,Binary Enthalpy Of Mixing,Intercept,0.03973477849217999,0.024746341874654923,-0.010643226675084785,0.08696476947668905,alcohol_alcohol
h_mix_rho_x,Binary Enthalpy Of Mixing,R,0.955317387329141,0.012888629084970874,0.9253106785092949,0.9748748279043017,alcohol_alcohol
h_mix_rho_x,Binary Enthalpy Of Mixing,R^2,0.9126313105333759,0.024489858569855732,0.8561998517633318,0.9503809300814419,alcohol_alcohol
h_mix_rho_x,Binary Enthalpy Of Mixing,p,2.1916150444901938e-24,9.283224075088161e-19,1.1345965464109934e-29,1.0309591844542378e-19,alcohol_alcohol
h_mix_rho_x,Binary Enthalpy Of Mixing,RMSE,0.1778478066370354,0.025639215620975236,0.1374912108375973,0.23897659783653608,alcohol_alcohol
h_mix_rho_x,Binary Enthalpy Of Mixing,MSE,0.03628198522696776,0.027630136903416674,-0.020856756786508255,0.09015585123176609,alcohol_alcohol
h_mix_rho_x,Binary Enthalpy Of Mixing,MUE,0.13754233706489735,0.018000925099432616,0.10975363041467677,0.18183420155070715,alcohol_alcohol
h_mix_rho_x,Binary Enthalpy Of Mixing,Tau,0.8222222222222221,0.0421947584657755,0.6979955234117947,0.8627936858907489,alcohol_alcohol
h_mix_rho_x,Binary Enthalpy Of Mixing,Slope,1.87244664495334,1.0685668945983915,0.5858774684031561,4.245065737000286,ester_ester
h_mix_rho_x,Binary Enthalpy Of Mixing,Intercept,-0.14188026654720726,0.15158516710242123,-0.47338969588211555,0.049647092977077076,ester_ester
h_mix_rho_x,Binary Enthalpy Of Mixing,R,0.526801874992054,0.15369604807183918,0.4093776322686734,0.9294407869907525,ester_ester
h_mix_rho_x,Binary Enthalpy Of Mixing,R^2,0.27752021549514366,0.20828413076597663,0.1675900458019052,0.8638601765219893,ester_ester
h_mix_rho_x,Binary Enthalpy Of Mixing,p,0.0643557920491107,0.048180311824309194,4.4256609833903054e-06,0.16508573686439762,ester_ester
h_mix_rho_x,Binary Enthalpy Of Mixing,RMSE,0.25356642807822993,0.13902329700603314,0.03294288033738394,0.45234302351942623,ester_ester
h_mix_rho_x,Binary Enthalpy Of Mixing,MSE,-0.06552105172967573,0.06933595115716087,-0.2200990788633303,0.02285951402870464,ester_ester
h_mix_rho_x,Binary Enthalpy Of Mixing,MUE,0.0886738170688454,0.06608790709274208,0.025675422972038196,0.24816847646006496,ester_ester
h_mix_rho_x,Binary Enthalpy Of Mixing,Tau,0.769230769230769,0.12397329877262281,0.3469443332443555,0.8160720960636174,ester_ester
h_mix_rho_x,Binary Enthalpy Of Mixing,Slope,1.3782613184898596,0.13067240114345344,0.9887381306780625,1.549129036149691,alcohol_ester
h_mix_rho_x,Binary Enthalpy Of Mixing,Intercept,-0.5599625906853707,0.2159303501725778,-0.8085998010365734,0.1114227119236968,alcohol_ester
h_mix_rho_x,Binary Enthalpy Of Mixing,R,0.9680042781185367,0.042411386203344024,0.8269235037331317,0.988199256818991,alcohol_ester
h_mix_rho_x,Binary Enthalpy Of Mixing,R^2,0.9370322824557894,0.07300717214595216,0.6838024810262787,0.9765377711776062,alcohol_ester
h_mix_rho_x,Binary Enthalpy Of Mixing,p,3.4921021937945546e-09,0.0019122839280175503,5.792158481790231e-12,0.00014915218567150071,alcohol_ester
h_mix_rho_x,Binary Enthalpy Of Mixing,RMSE,0.26835374482451696,0.0481485206426478,0.17195886177869138,0.359751608067812,alcohol_ester
h_mix_rho_x,Binary Enthalpy Of Mixing,MSE,-0.0024709725265224564,0.07006915630622004,-0.14531984663368022,0.13595481139337348,alcohol_ester
h_mix_rho_x,Binary Enthalpy Of Mixing,MUE,0.20753046852233534,0.04416535578937299,0.13110344248288894,0.3021603340898082,alcohol_ester
h_mix_rho_x,Binary Enthalpy Of Mixing,Tau,0.6952380952380953,0.10395351503202203,0.4458943784798606,0.8656450997395762,alcohol_ester
h_mix_rho_x_rho_pure,Binary Enthalpy Of Mixing,Slope,0.986824285759902,0.052624283828785756,0.8948559091514457,1.0973346507155115,alcohol_alcohol
h_mix_rho_x_rho_pure,Binary Enthalpy Of Mixing,Intercept,0.06666199461913537,0.019098261559125394,0.026101577038674058,0.10158517132608601,alcohol_alcohol
h_mix_rho_x_rho_pure,Binary Enthalpy Of Mixing,R,0.9710083087976404,0.008338128677489119,0.9498974823805347,0.9823516343411441,alcohol_alcohol
h_mix_rho_x_rho_pure,Binary Enthalpy Of Mixing,R^2,0.9428571357540538,0.016115455899682246,0.9023052270328783,0.9650147334927169,alcohol_alcohol
h_mix_rho_x_rho_pure,Binary Enthalpy Of Mixing,p,2.3418453406809578e-28,7.095372273738118e-23,6.460658633157625e-33,2.59042232937727e-23,alcohol_alcohol
h_mix_rho_x_rho_pure,Binary Enthalpy Of Mixing,RMSE,0.14566833786647956,0.01852795890316122,0.11820760095480329,0.1897133807690007,alcohol_alcohol
h_mix_rho_x_rho_pure,Binary Enthalpy Of Mixing,MSE,0.06758933652259144,0.020761853772615014,0.025884632752774712,0.10605906664942093,alcohol_alcohol
h_mix_rho_x_rho_pure,Binary Enthalpy Of Mixing,MUE,0.11483967605015359,0.014316267693549009,0.09320630025445378,0.15024887991596814,alcohol_alcohol
h_mix_rho_x_rho_pure,Binary Enthalpy Of Mixing,Tau,0.7979797979797979,0.045774421628907366,0.6721777236220886,0.8510798001397901,alcohol_alcohol
h_mix_rho_x_rho_pure,Binary Enthalpy Of Mixing,Slope,2.319373214685657,0.9901608940182597,0.8816510289453724,4.581702468764295,ester_ester
h_mix_rho_x_rho_pure,Binary Enthalpy Of Mixing,Intercept,-0.22983942584602407,0.14407459681283658,-0.5486066745854985,-0.008674700697587828,ester_ester
h_mix_rho_x_rho_pure,Binary Enthalpy Of Mixing,R,0.6168673653572327,0.12266475414935636,0.4981457493755757,0.9266776434576749,ester_ester
h_mix_rho_x_rho_pure,Binary Enthalpy Of Mixing,R^2,0.3805253464427737,0.1716170747566274,0.2481491876209539,0.8587314548842696,ester_ester
h_mix_rho_x_rho_pure,Binary Enthalpy Of Mixing,p,0.024719571237485943,0.038911188458593725,5.519541976572256e-06,0.08337068502721406,ester_ester
h_mix_rho_x_rho_pure,Binary Enthalpy Of Mixing,RMSE,0.2770942961273549,0.1324822168269434,0.06017522808490671,0.4842610586237119,ester_ester
h_mix_rho_x_rho_pure,Binary Enthalpy Of Mixing,MSE,-0.11436382248684408,0.07075921147623679,-0.2751239816073211,-0.011592036036785132,ester_ester
h_mix_rho_x_rho_pure,Binary Enthalpy Of Mixing,MUE,0.12743995677997474,0.06758870503203358,0.04766113119404833,0.28986275904052483,ester_ester
h_mix_rho_x_rho_pure,Binary Enthalpy Of Mixing,Tau,0.5897435897435896,0.14107633585819176,0.25531546706221886,0.8083672763401877,ester_ester
h_mix_rho_x_rho_pure,Binary Enthalpy Of Mixing,Slope,1.281209072421339,0.10843428360159585,1.0803451376884723,1.4823102100504948,alcohol_ester
h_mix_rho_x_rho_pure,Binary Enthalpy Of Mixing,Intercept,-0.4527787499149061,0.18886245473640662,-0.8002787794841719,-0.09110569765962695,alcohol_ester
h_mix_rho_x_rho_pure,Binary Enthalpy Of Mixing,R,0.9709908388629358,0.027466407312929115,0.9007648999349307,0.9917622521758437,alcohol_ester
h_mix_rho_x_rho_pure,Binary Enthalpy Of Mixing,R^2,0.9428232091557478,0.04953362726670129,0.8113774049547857,0.9835923648409017,alcohol_ester
h_mix_rho_x_rho_pure,Binary Enthalpy Of Mixing,p,1.8603614937602766e-09,0.0005002752385322619,5.502744620620067e-13,4.79336271595477e-06,alcohol_ester
h_mix_rho_x_rho_pure,Binary Enthalpy Of Mixing,RMSE,0.22131064752507026,0.05245281691976981,0.1283544040882152,0.32434359016934017,alcohol_ester
h_mix_rho_x_rho_pure,Binary Enthalpy Of Mixing,MSE,-0.03832532007173875,0.057176438055920875,-0.15951306067169357,0.06904966613385097,alcohol_ester
h_mix_rho_x_rho_pure,Binary Enthalpy Of Mixing,MUE,0.16827036550544,0.0387285595577298,0.10469236394566615,0.25172951119369685,alcohol_ester
h_mix_rho_x_rho_pure,Binary Enthalpy Of Mixing,Tau,0.7904761904761906,0.09918745490187131,0.5179323973782374,0.906943306564237,alcohol_ester
h_mix_rho_x_rho_pure_h_vap,Binary Enthalpy Of Mixing,Slope,0.9205744670712958,0.0567818617921626,0.8189481462378716,1.042301265675133,alcohol_alcohol
h_mix_rho_x_rho_pure_h_vap,Binary Enthalpy Of Mixing,Intercept,0.14213530694116858,0.021091827738916404,0.09957022623319645,0.18097085617424546,alcohol_alcohol
h_mix_rho_x_rho_pure_h_vap,Binary Enthalpy Of Mixing,R,0.9606316930876777,0.009800610541691028,0.9372269449258268,0.9763699460600979,alcohol_alcohol
h_mix_rho_x_rho_pure_h_vap,Binary Enthalpy Of Mixing,R^2,0.9228132497644982,0.018747454134906354,0.8783943462949988,0.9532982715693984,alcohol_alcohol
h_mix_rho_x_rho_pure_h_vap,Binary Enthalpy Of Mixing,p,1.5187620560294823e-25,1.6874071664357955e-20,3.1312211619412757e-30,2.7755924568767388e-21,alcohol_alcohol
h_mix_rho_x_rho_pure_h_vap,Binary Enthalpy Of Mixing,RMSE,0.20865491485268622,0.02522099158918478,0.16427364818983645,0.2638659487380834,alcohol_alcohol
h_mix_rho_x_rho_pure_h_vap,Binary Enthalpy Of Mixing,MSE,0.1477254877501119,0.02256724341647532,0.10430426822690844,0.19232717894080026,alcohol_alcohol
h_mix_rho_x_rho_pure_h_vap,Binary Enthalpy Of Mixing,MUE,0.1625833541357418,0.019435230926005305,0.13098962442143186,0.2065898552322773,alcohol_alcohol
h_mix_rho_x_rho_pure_h_vap,Binary Enthalpy Of Mixing,Tau,0.8262626262626263,0.03974323304626153,0.7197963352482389,0.8727056289948882,alcohol_alcohol
h_mix_rho_x_rho_pure_h_vap,Binary Enthalpy Of Mixing,Slope,2.01602261683341,0.9502102511488282,0.704186977849939,4.200736496235587,ester_ester
h_mix_rho_x_rho_pure_h_vap,Binary Enthalpy Of Mixing,Intercept,-0.17370723854920245,0.13636364973262569,-0.4763038247232152,0.020331892584884985,ester_ester
h_mix_rho_x_rho_pure_h_vap,Binary Enthalpy Of Mixing,R,0.5958565204452738,0.12471035995179144,0.45671960121923183,0.9085912571794982,ester_ester
h_mix_rho_x_rho_pure_h_vap,Binary Enthalpy Of Mixing,R^2,0.35504499295714903,0.1685573824685094,0.20859279413785414,0.825538072623021,ester_ester
h_mix_rho_x_rho_pure_h_vap,Binary Enthalpy Of Mixing,p,0.03163476139592474,0.04492812452181075,1.812834981527171e-05,0.1173531249341897,ester_ester
h_mix_rho_x_rho_pure_h_vap,Binary Enthalpy Of Mixing,RMSE,0.24135317838080086,0.11994439414455695,0.04797463732921934,0.425705880355414,ester_ester
h_mix_rho_x_rho_pure_h_vap,Binary Enthalpy Of Mixing,MSE,-0.08478181290050602,0.0646066724799322,-0.23080880139201115,0.004394315483239528,ester_ester
h_mix_rho_x_rho_pure_h_vap,Binary Enthalpy Of Mixing,MUE,0.09974389287733215,0.06075033223745286,0.03698670910013771,0.25050615018395017,ester_ester
h_mix_rho_x_rho_pure_h_vap,Binary Enthalpy Of Mixing,Tau,0.6923076923076922,0.1447371524715933,0.2632490632463282,0.8160720960636174,ester_ester
h_mix_rho_x_rho_pure_h_vap,Binary Enthalpy Of Mixing,Slope,1.2820893936308169,0.08586433317348709,1.10230056895026,1.4325483047566088,alcohol_ester
h_mix_rho_x_rho_pure_h_vap,Binary Enthalpy Of Mixing,Intercept,-0.39380441046472603,0.14187542073408035,-0.6327947017508757,-0.08961355027497997,alcohol_ester
h_mix_rho_x_rho_pure_h_vap,Binary Enthalpy Of Mixing,R,0.9767478982992054,0.024417339344618125,0.9001490470461033,0.9911726137430499,alcohol_ester
h_mix_rho_x_rho_pure_h_vap,Binary Enthalpy Of Mixing,R^2,0.9540364568319148,0.04491532268769515,0.8102683068980079,0.9824231502342291,alcohol_ester
h_mix_rho_x_rho_pure_h_vap,Binary Enthalpy Of Mixing,p,4.47862415291302e-10,6.642821566779984e-05,8.557174089746023e-13,4.957711566935781e-06,alcohol_ester
h_mix_rho_x_rho_pure_h_vap,Binary Enthalpy Of Mixing,RMSE,0.20666239069457085,0.0322065273744566,0.14263902129809014,0.2689824185567056,alcohol_ester
h_mix_rho_x_rho_pure_h_vap,Binary Enthalpy Of Mixing,MSE,0.021946460252202267,0.05458819716395119,-0.08798485168106378,0.1263160977136906,alcohol_ester
h_mix_rho_x_rho_pure_h_vap,Binary Enthalpy Of Mixing,MUE,0.16364189247459246,0.032735011676987794,0.10559646922787733,0.23575724925849173,alcohol_ester
h_mix_rho_x_rho_pure_h_vap,Binary Enthalpy Of Mixing,Tau,0.7523809523809525,0.08980167927657424,0.5179323973782374,0.8818799929935021,alcohol_ester
h_mix_v_excess,Binary Enthalpy Of Mixing,Slope,0.7450137224153501,0.046450341142020575,0.660034599280592,0.8426923588143863,alcohol_alcohol
h_mix_v_excess,Binary Enthalpy Of Mixing,Intercept,0.11546042409583117,0.017968737259782725,0.07958685194529451,0.15046150764156885,alcohol_alcohol
h_mix_v_excess,Binary Enthalpy Of Mixing,R,0.9552817384910999,0.0145009340161009,0.9201635911655286,0.97535763097048,alcohol_alcohol
h_mix_v_excess,Binary Enthalpy Of Mixing,R^2,0.9125631998945781,0.02748278294732396,0.846701034506642,0.9513225082923471,alcohol_alcohol
h_mix_v_excess,Binary Enthalpy Of Mixing,p,2.2287226819846497e-24,7.65168354229012e-18,7.71583080873321e-30,4.261806468191132e-19,alcohol_alcohol
h_mix_v_excess,Binary Enthalpy Of Mixing,RMSE,0.22593531968802374,0.032605120348796084,0.16807147135007758,0.2925395360461578,alcohol_alcohol
h_mix_v_excess,Binary Enthalpy Of Mixing,MSE,0.1334070382756457,0.0276736672497845,0.08331642889507138,0.19050577350428136,alcohol_alcohol
h_mix_v_excess,Binary Enthalpy Of Mixing,MUE,0.16158730008176458,0.0235952510815945,0.12561685374083797,0.2146347262149226,alcohol_alcohol
h_mix_v_excess,Binary Enthalpy Of Mixing,Tau,0.8080808080808081,0.03825758282319579,0.6994391558194276,0.8449419493932252,alcohol_alcohol
h_mix_v_excess,Binary Enthalpy Of Mixing,Slope,2.1766884869118264,1.4683142083310636,0.4412203335319616,5.677658744959745,ester_ester
h_mix_v_excess,Binary Enthalpy Of Mixing,Intercept,-0.27706254720249857,0.21237254381787374,-0.7609415828792574,-0.01687189747044591,ester_ester
h_mix_v_excess,Binary Enthalpy Of Mixing,R,0.45858716185539605,0.14979776686668403,0.3383637046541703,0.8731589852364088,ester_ester
h_mix_v_excess,Binary Enthalpy Of Mixing,R^2,0.21030218501858722,0.18191331954741008,0.1144899966272946,0.7624066134990751,ester_ester
h_mix_v_excess,Binary Enthalpy Of Mixing,p,0.11499421953749535,0.07683535247768876,9.804857942389802e-05,0.26018156554493854,ester_ester
h_mix_v_excess,Binary Enthalpy Of Mixing,RMSE,0.3829615951556106,0.19424435272231175,0.07530985959450888,0.6618095991386242,ester_ester
h_mix_v_excess,Binary Enthalpy Of Mixing,MSE,-0.17407515024801581,0.09563489531683173,-0.3837488935070305,-0.052744328039821806,ester_ester
h_mix_v_excess,Binary Enthalpy Of Mixing,MUE,0.17407515024801581,0.09465761953733172,0.06311180826682287,0.3872532372178053,ester_ester
h_mix_v_excess,Binary Enthalpy Of Mixing,Tau,0.6410256410256409,0.1440714981074816,0.2015648424175412,0.7659464011866566,ester_ester
h_mix_v_excess,Binary Enthalpy Of Mixing,Slope,0.7397412173477743,0.09673518697209074,0.5854385634570256,0.9460820761416497,alcohol_ester
h_mix_v_excess,Binary Enthalpy Of Mixing,Intercept,-0.11508910282260021,0.13491343814868806,-0.4042499657254106,0.07774621314864061,alcohol_ester
h_mix_v_excess,Binary Enthalpy Of Mixing,R,0.8795835515206462,0.07473958676917627,0.678155079267038,0.9562390176690354,alcohol_ester
h_mix_v_excess,Binary Enthalpy Of Mixing,R^2,0.7736672241056732,0.11515397771382763,0.4598943115356826,0.9143930589126418,alcohol_ester
h_mix_v_excess,Binary Enthalpy Of Mixing,p,1.5490547842902383e-05,0.022860177446631866,2.7128178499343145e-08,0.005627229018914997,alcohol_ester
h_mix_v_excess,Binary Enthalpy Of Mixing,RMSE,0.5561125844425593,0.06016471875262693,0.43102167345439557,0.6692594727642412,alcohol_ester
h_mix_v_excess,Binary Enthalpy Of Mixing,MSE,-0.4986654369296544,0.0632581751664773,-0.6238363968028003,-0.3753220254390071,alcohol_ester
h_mix_v_excess,Binary Enthalpy Of Mixing,MUE,0.4986654369296544,0.06325323058872276,0.375782815171787,0.6239594856243526,alcohol_ester
h_mix_v_excess,Binary Enthalpy Of Mixing,Tau,0.6190476190476191,0.14649930907804387,0.2760262237369417,0.8392740627357386,alcohol_ester
openff-1.0.0,Binary Enthalpy Of Mixing,Slope,0.7540715894153078,0.0426794980266147,0.6801557976766248,0.8464638051706902,alcohol_alcohol
openff-1.0.0,Binary Enthalpy Of Mixing,Intercept,0.16256479823739134,0.018478472721874577,0.12444708416760517,0.19862923231273177,alcohol_alcohol
openff-1.0.0,Binary Enthalpy Of Mixing,R,0.9603809922341339,0.010474057697030626,0.9332979306292245,0.9731711042987304,alcohol_alcohol
openff-1.0.0,Binary Enthalpy Of Mixing,R^2,0.9223316502446195,0.019937012649807424,0.8710450273167928,0.9470619982420104,alcohol_alcohol
openff-1.0.0,Binary Enthalpy Of Mixing,p,1.736505197785985e-25,1.098384985219509e-16,4.590163025043209e-29,9.938070934265505e-21,alcohol_alcohol
openff-1.0.0,Binary Enthalpy Of Mixing,RMSE,0.2506735412782674,0.03181652712778046,0.1892671931468687,0.31509436921515993,alcohol_alcohol
openff-1.0.0,Binary Enthalpy Of Mixing,MSE,0.17987389558343686,0.0268834217681488,0.12626690063480056,0.23313713226472974,alcohol_alcohol
openff-1.0.0,Binary Enthalpy Of Mixing,MUE,0.1880881449758641,0.024869768227134718,0.14486463218875453,0.24190728062180764,alcohol_alcohol
openff-1.0.0,Binary Enthalpy Of Mixing,Tau,0.7919191919191918,0.042054660668853355,0.687834935169288,0.8493177282699529,alcohol_alcohol
openff-1.0.0,Binary Enthalpy Of Mixing,Slope,2.3673989280439693,1.6164415902051241,0.3847728394742559,6.091905417333052,ester_ester
openff-1.0.0,Binary Enthalpy Of Mixing,Intercept,-0.2681744872280978,0.23522293501114955,-0.7817845235951131,0.03094728449182295,ester_ester
openff-1.0.0,Binary Enthalpy Of Mixing,R,0.4345527308139389,0.15317902406400485,0.31768193461748356,0.8687777428106708,ester_ester
openff-1.0.0,Binary Enthalpy Of Mixing,R^2,0.18883607585785164,0.1797602514369873,0.1009218115823071,0.754774766403204,ester_ester
openff-1.0.0,Binary Enthalpy Of Mixing,p,0.13785076245393804,0.09234045552384981,0.0001213386304249653,0.29058775172603984,ester_ester
openff-1.0.0,Binary Enthalpy Of Mixing,RMSE,0.42365158450516344,0.22699821519301225,0.045396337056189714,0.7391419799857782,ester_ester
openff-1.0.0,Binary Enthalpy Of Mixing,MSE,-0.14849552566437255,0.10585709749449217,-0.38649241780700405,-0.008653690416929795,ester_ester
openff-1.0.0,Binary Enthalpy Of Mixing,MUE,0.15558196705625896,0.10396124468726471,0.0361009365047668,0.4004390132606398,ester_ester
openff-1.0.0,Binary Enthalpy Of Mixing,Tau,0.6153846153846153,0.14625771608934407,0.1722799039261505,0.75538111721466,ester_ester
openff-1.0.0,Binary Enthalpy Of Mixing,Slope,0.7048373823204696,0.11298377054868823,0.5042271432382239,0.9393784593575316,alcohol_ester
openff-1.0.0,Binary Enthalpy Of Mixing,Intercept,-0.16623331166507416,0.17234363946570924,-0.5314740670586579,0.12126034505917627,alcohol_ester
openff-1.0.0,Binary Enthalpy Of Mixing,R,0.8809890573023993,0.08542916422370439,0.6417467381171417,0.9508786849574852,alcohol_ester
openff-1.0.0,Binary Enthalpy Of Mixing,R^2,0.7761417190865701,0.12246709803229779,0.4118388758839912,0.9041702735064764,alcohol_ester
openff-1.0.0,Binary Enthalpy Of Mixing,p,1.4402930502755709e-05,0.03555257360635885,5.459668949789658e-08,0.010255562001505382,alcohol_ester
openff-1.0.0,Binary Enthalpy Of Mixing,RMSE,0.6502201639913604,0.05967403168119696,0.5271069153861894,0.7652179561480977,alcohol_ester
openff-1.0.0,Binary Enthalpy Of Mixing,MSE,-0.6012518486043043,0.0662139425142783,-0.7322981602442761,-0.46827153498306157,alcohol_ester
openff-1.0.0,Binary Enthalpy Of Mixing,MUE,0.6012518486043043,0.0661890716958587,0.4686455159288681,0.7324684815588214,alcohol_ester
openff-1.0.0,Binary Enthalpy Of Mixing,Tau,0.6380952380952382,0.1448397900967215,0.2589661986891187,0.828078671210825,alcohol_ester
rho_pure_h_vap,Binary Enthalpy Of Mixing,Slope,0.8786203028367401,0.06379341843106975,0.7620127507368554,1.0198142262035588,alcohol_alcohol
rho_pure_h_vap,Binary Enthalpy Of Mixing,Intercept,0.09263179926741687,0.027016553821508933,0.036609669675441645,0.14251185183204565,alcohol_alcohol
rho_pure_h_vap,Binary Enthalpy Of Mixing,R,0.9327544534637768,0.017007459140033945,0.8932379503985612,0.9618906355772497,alcohol_alcohol
rho_pure_h_vap,Binary Enthalpy Of Mixing,R^2,0.8700308704565091,0.03152653098396161,0.7978740360322225,0.9252335948112055,alcohol_alcohol
rho_pure_h_vap,Binary Enthalpy Of Mixing,p,1.145638931210057e-20,2.748861524092434e-15,9.59770467244904e-26,1.59625490166512e-16,alcohol_alcohol
rho_pure_h_vap,Binary Enthalpy Of Mixing,RMSE,0.2163800720151832,0.02681064603932626,0.1666173668974873,0.27421447892599643,alcohol_alcohol
rho_pure_h_vap,Binary Enthalpy Of Mixing,MSE,0.1011748260329595,0.02854379058819203,0.04490578063673441,0.1556448428479609,alcohol_alcohol
rho_pure_h_vap,Binary Enthalpy Of Mixing,MUE,0.1632390199286401,0.02062886655978142,0.12989454883668183,0.21169523044610886,alcohol_alcohol
rho_pure_h_vap,Binary Enthalpy Of Mixing,Tau,0.7414141414141413,0.05024596472075344,0.6230688488369132,0.8169684852254168,alcohol_alcohol
rho_pure_h_vap,Binary Enthalpy Of Mixing,Slope,2.3431071778363393,1.0263274828994975,0.9385186673370925,4.755396403804556,ester_ester
rho_pure_h_vap,Binary Enthalpy Of Mixing,Intercept,-0.24383910779739976,0.15010175544563106,-0.5716917377995413,-0.036343497751942996,ester_ester
rho_pure_h_vap,Binary Enthalpy Of Mixing,R,0.6099266308033747,0.12514765871646155,0.5037175843901897,0.9308759299480843,ester_ester
rho_pure_h_vap,Binary Enthalpy Of Mixing,R^2,0.3720104949631562,0.18046920755735266,0.25373140482388784,0.8665299969567108,ester_ester
rho_pure_h_vap,Binary Enthalpy Of Mixing,p,0.026866188436313675,0.0282872188590275,3.930507960009636e-06,0.07947700156871693,ester_ester
rho_pure_h_vap,Binary Enthalpy Of Mixing,RMSE,0.28832403026643555,0.13830820411840664,0.06586351124388923,0.49685820764973054,ester_ester
rho_pure_h_vap,Binary Enthalpy Of Mixing,MSE,-0.12628623495569308,0.0724022560761498,-0.2852902153459311,-0.023320467100344074,ester_ester
rho_pure_h_vap,Binary Enthalpy Of Mixing,MUE,0.134614513523617,0.06961235396503963,0.05100701716563523,0.2966036385814805,ester_ester
rho_pure_h_vap,Binary Enthalpy Of Mixing,Tau,0.6923076923076922,0.1252083488062663,0.32479917717646,0.8238525545716344,ester_ester
rho_pure_h_vap,Binary Enthalpy Of Mixing,Slope,1.0734208599850665,0.09142094499939522,0.8870289829970729,1.2445864398515882,alcohol_ester
rho_pure_h_vap,Binary Enthalpy Of Mixing,Intercept,-0.19894517085021834,0.14427060782817125,-0.4527210622365154,0.09450191291937493,alcohol_ester
rho_pure_h_vap,Binary Enthalpy Of Mixing,R,0.9570668837406493,0.04764258480124178,0.8011492497634206,0.9829791561886364,alcohol_ester
rho_pure_h_vap,Binary Enthalpy Of Mixing,R^2,0.9159770199530375,0.08076609571678342,0.6418401203964917,0.9662480215013236,alcohol_ester
rho_pure_h_vap,Binary Enthalpy Of Mixing,p,2.2995782980905842e-08,0.002607450254023302,6.217456469085545e-11,0.0003393954923333113,alcohol_ester
rho_pure_h_vap,Binary Enthalpy Of Mixing,RMSE,0.19436720162690657,0.024950942524626846,0.14856098543535975,0.245146353407296,alcohol_ester
rho_pure_h_vap,Binary Enthalpy Of Mixing,MSE,-0.09073554951462752,0.04587816361819165,-0.17695349488646914,0.003948702193007729,alcohol_ester
rho_pure_h_vap,Binary Enthalpy Of Mixing,MUE,0.1681321018346462,0.026238515142551953,0.12059112041396931,0.22233772385468606,alcohol_ester
rho_pure_h_vap,Binary Enthalpy Of Mixing,Tau,0.7142857142857143,0.10185673108313842,0.45056355688958305,0.8510644963469902,alcohol_ester
