Id,Temperature (K),Pressure (kPa),N Components,Component 1,Mole Fraction 1,Component 2,Mole Fraction 2,Reference Density Value (g / ml),Reference Density Uncertainty (g / ml),Estimated Density Value (g / ml),Estimated Density Uncertainty (g / ml)
fb5bc2412cb74a7bbdf65656731bee86,298.15,101.0,2,CCCCO,0.7447,CCOC(C)=O,0.2553,0.8276000000000002,0.0,0.8278400134672393,0.0002902213198307946
f9c24cd3e0224ebaaa6459a7f99ff86a,298.15,101.0,2,CCCCO,0.4963,CCOC(C)=O,0.5037,0.8494000000000002,0.0,0.8496955733491607,0.000336351169607073
bb9301096e2b44a28c41cc5b6dd3b2c2,298.15,101.0,2,CCCCO,0.2525,CCOC(C)=O,0.7475,0.8715000000000002,0.0,0.8725390432833292,0.00025831148525731843
c4095dd1b04e482a8359dd8ec1dffecb,298.15,101.3,2,CCCCCO,0.7708,CCOCC,0.2292,0.7975000000000002,0.0,0.7921467373554264,0.0002925219352201387
3471375531c54791819369a3a9be6c28,298.15,101.3,2,CCCCCO,0.2648,CCOCC,0.7352,0.7479000000000001,0.0,0.7453725675886668,0.0002681204813255661
adb0e24fae38419cad868c5ec8045c82,298.15,101.3,2,CCCCCO,0.4567,CCOCC,0.5433,0.7704000000000002,0.0,0.7636498594545523,0.00026873516113575847
0095303573e44aaf8293b2797b3eba89,298.15,100.0,2,COC(C)=O,0.2606,CCCC(=O)OC,0.7394,0.8985700000000003,0.0,0.8957197679111389,0.00022832541186952778
5ca266df22b844f7a726c598d140d701,298.15,100.0,2,COC(C)=O,0.4544,CCCC(=O)OC,0.5456,0.9041900000000004,0.0,0.9021013933768491,0.0002206992165135716
befb5b61ceab4476a6c1062cc3eae8b1,298.15,100.0,2,COC(C)=O,0.7464,CCCC(=O)OC,0.2536,0.9147400000000002,0.0,0.9135479636924126,0.00023701145549622423
a64808b7fd284b5b9069a45371ba407c,298.15,101.0,2,C1CCCCC1,0.7608,CCCCCC,0.2392,0.7411800000000002,0.0,0.7210052563564494,0.0002310849058238646
8be3d465703a45be811e7f459f3979ae,298.15,101.0,2,C1CCCCC1,0.4793,CCCCCC,0.5207,0.7105500000000001,0.0,0.6863624450350387,0.00023425728235448843
613ff257756940dbbbcb154b3bc487c8,298.15,101.0,2,CCCCCC,0.2457,C1CCCCC1,0.7543,0.7392000000000002,0.0,0.7197610360698654,0.00021567828953260074
6c7a580c5f094fd1989770f2a90eee2b,298.0,101.3,2,CC(=O)OCCC(C)C,0.7499,C=CC(=O)OCC,0.2501,0.8765820000000002,0.0,0.881474037268886,0.0002643515720799273
ec42632dbcec40f28f46454083aa69ab,298.0,101.3,2,CC(=O)OCCC(C)C,0.2501,C=CC(=O)OCC,0.7499,0.9004420000000002,0.0,0.90452173158963,0.00030511788917266913
da7c00e97a744b92b526b213ffc2c229,298.0,101.3,2,CC(=O)OCCC(C)C,0.501,C=CC(=O)OCC,0.499,0.8874060000000001,0.0,0.8924246850681252,0.00023854584712631788
96f07164279c4dc8ac459ccae22c5fd9,298.15,101.0,2,CCO,0.701,CCCO,0.299,0.7902100000000002,0.0,0.7960104148625669,0.00036635708374993823
f45d193b6be94ac19790084a2763f9b0,298.15,101.0,2,CCO,0.5,CCCO,0.5,0.7932200000000003,0.0,0.7965019080514946,0.00033170742588314325
a6802da0e1964af7b63e223192a917ce,298.15,101.0,2,CCO,0.2,CCCO,0.8,0.7968200000000002,0.0,0.7985832136985372,0.0002759788624345241
787352ae213a40678475f6d9f49dbd66,293.15,101.0,2,CCCCCCO,0.7138,CCCCC(=O)OC,0.2862,0.8385600000000002,0.0,0.8371758236227461,0.0001698154301199899
138afd775caf4eb390fea907d6c864dd,293.15,101.0,2,CCCCCCO,0.2154,CCCCC(=O)OC,0.7846,0.8739600000000003,0.0,0.8703181086572112,0.00019377460547541982
a64e4810b63746b4a06c3e7069f48bca,293.15,101.0,2,CCCCCCO,0.4913,CCCCC(=O)OC,0.5087,0.8542200000000002,0.0,0.8518701172484279,0.0001750108135968266
8913aba7350c4ab5b4a560258c08f011,291.15,101.0,2,CCCOC(C)=O,0.7697,CCCCC,0.2303,0.8292000000000003,0.0,0.8251234275118507,0.00021472784097861092
a06e195b977a4bfabcc321cca174aea2,291.15,101.0,2,CCCOC(C)=O,0.2734,CCCCC,0.7266,0.6982000000000003,0.0,0.6834537265233364,0.00023742959307324212
8cae58c2745d41dea19dd3f57c174ccc,298.15,101.0,2,CCCOC(C)=O,0.4881,CCCCC,0.5119,0.7477000000000003,0.0,0.7373172462787402,0.00023444973503213622
945ccaf14fc747d3b1a2d01d5ca41795,298.15,101.0,2,CCOC(C)=O,0.251,CCCCCO,0.7490000000000001,0.8283000000000001,0.0,0.8281780306310531,0.0002533178791342796
74d4007038204c48a14b982ce4e3a506,298.15,101.0,2,CCOC(C)=O,0.7490000000000001,CCCCCO,0.251,0.8694000000000002,0.0,0.8709476737052612,0.00023760314260957128
77185d8bdc8f4e9980c3bbefd8be0d15,298.15,101.0,2,CCOC(C)=O,0.5,CCCCCO,0.5,0.8478100000000002,0.0,0.8479115592323986,0.00022521573693072645
4d680d1176ce45b988df26736c6d8042,318.15,101.0,2,CCCCOC=O,0.752,CCCCCCC,0.248,0.8026400000000001,0.0,0.808306912527104,0.00022474360938588302
a40334e8d4db4f5792517854bd911400,308.15,101.0,2,CCCCOC=O,0.2514,CCCCCCC,0.7486,0.7106500000000001,0.0,0.7018135410719728,0.00019292662900051167
df5b42fe96a14bc88ea9bf23d7e54fb1,298.15,101.0,2,CCCCOC=O,0.5012,CCCCCCC,0.4988,0.7672300000000002,0.0,0.7652674619333739,0.00019296851276540524
988a51cf9482498d8b67ac858712ae1d,293.15,101.0,2,CCO,0.7946,CCCCOC(C)=O,0.2054,0.8056300000000002,0.0,0.8271321367216806,0.0003122642458348433
1efe120504c44cf1ae6181a8b4f510bd,313.15,101.0,2,CCO,0.2947,CCCCOC(C)=O,0.7053,0.8353600000000002,0.0,0.8463460602959602,0.00025481537996695756
869c12a28ee84bde8c394ddfade55cfb,313.15,101.0,2,CCO,0.4912,CCCCOC(C)=O,0.5088,0.8177000000000002,0.0,0.8336254653366096,0.00026012548344669765
25a77d4360b649cabf445d6bfef346db,303.15,101.0,2,CCCCO,0.7257,CCC(C)=O,0.2743,0.7999000000000002,0.0,0.7857674439044642,0.00024063912574711683
759201150d4d464a9d36dc5063a1c95b,298.15,101.0,2,CCC(C)=O,0.5002,CCCCO,0.4998,0.8027400000000002,0.0,0.7794949252458235,0.00026260604592705515
7d431c69b0654c79833cf85c1f4a0d2d,303.15,101.0,2,CCCCO,0.2775,CCC(C)=O,0.7225,0.7964000000000002,0.0,0.7647842193909345,0.00024923255077978875
6127f47373fb42b7a7b9a08f58cec09e,298.15,101.3,2,CC(=O)O,0.4937,COC(C)=O,0.5063,0.9784000000000002,0.0,0.9934108993198311,0.0002798126326712223
1876a726a75b4a3389051930211a67a2,298.15,101.3,2,CC(=O)O,0.7943,COC(C)=O,0.2057,1.0150500000000002,0.0,1.042891187616658,0.00036148057220412535
3b622f4f2df74685951a213ecac92c1e,298.15,101.3,2,CC(=O)O,0.3007,COC(C)=O,0.6993,0.9575800000000004,0.0,0.9654844535047357,0.00029791476020675186
e308b07bb5564c7d8f0ff026d8376f68,298.15,101.0,2,C1CCCCC1,0.2003,CCCCO,0.7997,0.7967200000000002,0.0,0.7909850047949012,0.00023550677290385847
722c6645b0c64a308873adebf354e289,298.15,101.0,2,C1CCCCC1,0.7086,CCCCO,0.2914,0.7791900000000003,0.0,0.763881172692177,0.0002301901221123253
a4a629a73021422ba64a9dfaeb1708e3,293.15,100.0,2,CCCCO,0.4997,C1CCCCC1,0.5003,0.7897000000000002,0.0,0.7785999156101666,0.00021134643813001253
4735842c86c44063870b68eea969ae94,318.15,101.0,2,CCCOC(C)=O,0.2642,CCCCCC,0.7358,0.6866000000000002,0.0,0.6739141035514659,0.00025270228276697487
82683cf00a884cdaa5c42f2967a9c895,318.15,101.0,2,CCCOC(C)=O,0.7426,CCCCCC,0.2574,0.7937000000000002,0.0,0.7916290100833697,0.0003255504178193517
5cae2720cf28477499c29fbd1a176615,291.15,101.0,2,CCCOC(C)=O,0.5117,CCCCCC,0.4883,0.7672000000000002,0.0,0.7598499124622818,0.00021977460373357865
00c847aabdaa49f39e19fb2b82e25f5d,293.15,100.0,2,CCCCCC(C)C,0.4997,CCCCO,0.5003,0.7335792999344483,0.0,0.7342195235542394,0.00018569338614739754
afc131bd3f8e4a6680c1ebe9acbb1591,293.15,100.0,2,CCCCCC(C)C,0.3,CCCCO,0.7,0.7584114729135699,0.0,0.7584761022340152,0.0002619967494812471
5470d8c2bac848709e7abdf4bc2cea85,293.15,100.0,2,CCCCCC(C)C,0.7996,CCCCO,0.2004,0.7057028649228951,0.0,0.7075106857324428,0.00020527970236127602
229d751e3be94137b375d7e77af0768c,313.15,101.0,2,C1COCCO1,0.2962,C1CCCC1,0.7038,0.7981300000000002,0.0,0.795207714225712,0.00026079911643566464
12b408966b074958ae7fc1effc4ebb60,313.15,101.0,2,C1COCCO1,0.4983,C1CCCC1,0.5017,0.8541200000000002,0.0,0.8652031611169057,0.00025518996466594967
dbc1dd8d32e14336b43b5461e11d6e51,298.15,101.0,2,C1COCCO1,0.7034,C1CCCC1,0.2966,0.9314500000000002,0.0,0.9568133608200351,0.000270365236379326
45a886f67b364181a86f05fd305849f7,298.15,101.0,2,CCCOC(C)=O,0.7446,CCCCCCC,0.2554,0.8169000000000002,0.0,0.8138608939807145,0.0002201356824965144
cd67b458f2a94ad9b75d4b037d509864,318.15,101.3,2,CCCOC(C)=O,0.2463,CCCCCCC,0.7537,0.6986336093854499,0.0,0.6876942473859561,0.00019460547885284004
c56b49447c1d4f97822d67e0bab99b47,298.15,101.0,2,CCCOC(C)=O,0.5062,CCCCCCC,0.4938,0.7653000000000001,0.0,0.7585355691056471,0.0002038305795799838
e5bc6c3622384d2792e889c5883afad2,298.15,101.0,2,COCCO,0.4955,C1CCCCC1,0.5045,0.8436100000000002,0.0,0.8427320716381592,0.0003140320074779818
f9182a4a25b34594acf19a4a068b59b3,298.15,101.0,2,COCCO,0.4955,C1CCCCC1,0.5045,0.8436100000000002,0.0,0.8427320716381592,0.0003140320074779818
f0f5a9f860054598b153ca91ab5b370e,298.15,101.0,2,COCCO,0.2513,C1CCCCC1,0.7487,0.8049800000000003,0.0,0.7934216825120399,0.00025666492065307074
7ae0efcee2d240c6bf9d65e75d430e92,298.15,101.0,2,COCCO,0.2513,C1CCCCC1,0.7487,0.8049800000000003,0.0,0.7934216825120399,0.00025666492065307074
981c70f7951c46e2aa7ef0a2c1eabe58,298.15,101.0,2,COCCO,0.7493,C1CCCCC1,0.2507,0.8927200000000003,0.0,0.9053952275964164,0.00024616855705732546
12386196686c44058edaa839d630b688,298.15,101.0,2,COCCO,0.7493,C1CCCCC1,0.2507,0.8927200000000003,0.0,0.9053952275964164,0.00024616855705732546
62e8b4deba49463aaa07dc64a02d6848,298.2,101.0,2,CCCCO,0.2042,CCCCCCO,0.7958,0.8144200000000001,0.0,0.8139617115713403,0.00022056788252370257
4e4c531bafcc4be58822eeb964ce9d08,298.2,101.0,2,CCCCO,0.4994,CCCCCCO,0.5006,0.8118000000000002,0.0,0.8103584946623423,0.00018894375830616153
ba4ad37fcb174c23b30c69a8a686fdeb,298.2,101.0,2,CCCCO,0.7005,CCCCCCO,0.2995,0.8097200000000002,0.0,0.8086460351281826,0.00022521425498909944
5edac9b6f487406ebaad2afd15ac3b80,318.15,101.0,2,CCCOC=O,0.5019,CCCCCCC,0.4981,0.7412500000000002,0.0,0.7398876656029015,0.00024275787238511068
743fa0ddad7f4b55ba1f5c4266166269,298.15,101.0,2,CCCOC=O,0.7497,CCCCCCC,0.2503,0.8209900000000002,0.0,0.8257624557554087,0.0002442218464860673
55cc8997f6604537907be3b7552f1c23,298.15,101.0,2,CCCOC=O,0.2535,CCCCCCC,0.7465,0.7158400000000003,0.0,0.7068234560618757,0.000214578833244396
5fa189777f9e4cb3ab9f392074104136,298.2,101.0,2,CCCCOC(C)=O,0.5001,CC(C)CCO,0.4999,0.8444600000000002,0.0,0.8459923760276513,0.00021113077684903464
4aae295dff874bf9a861b099d0663954,298.2,101.0,2,CCCCOC(C)=O,0.7,CC(C)CCO,0.3,0.8575600000000001,0.0,0.8578137679871571,0.00021447033047281927
f7ac8b95b68b45fcba97ede2a77b14be,298.2,101.0,2,CCCCOC(C)=O,0.2999,CC(C)CCO,0.7001,0.8306800000000002,0.0,0.8351168460299286,0.00024814250102062134
911352d5dab64576b7a6da51aa69d76d,298.15,100.8,2,CCO,0.25,CCC(C)=O,0.75,0.7974000000000002,0.0,0.7629698551958699,0.0002585577974187448
b753d6cbf8fc4b088f29360facff51df,298.15,100.8,2,CCO,0.75,CCC(C)=O,0.25,0.7909000000000002,0.0,0.7799357219572268,0.0002727585171054826
5789a9197ed7473eb37814ca09efb2c8,298.15,100.8,2,CCO,0.5,CCC(C)=O,0.5,0.7946000000000002,0.0,0.7694535661269138,0.0003387781376484783
077ccf522e29444fae11ce463a6e985c,298.15,101.0,2,CCCCOC(C)=O,0.5412,O=C1CCCCC1,0.4588,0.9037000000000004,0.0,0.8879005842568415,0.0002249334309162386
183e43f4136a44faa36a58f5e622b7a3,298.15,101.0,2,CCCCOC(C)=O,0.7589,O=C1CCCCC1,0.2411,0.8900000000000002,0.0,0.8812351721231008,0.0002041367726330728
661fd1b0e0544823af50954019f53c17,298.15,101.0,2,CCCCOC(C)=O,0.2509,O=C1CCCCC1,0.7491,0.9236000000000002,0.0,0.8980790104926507,0.00021498959407084242
c13d46dde78544f5b7d53bdc5df55789,318.15,101.3,2,CCCCOC=O,0.746,CCCCCC,0.254,0.7997000000000002,0.0,0.806387013757189,0.00022263521324525237
1f8303a1d7e84aaeb18d4d36a688d43a,291.15,101.3,2,CCCCOC=O,0.5021,CCCCCC,0.4979,0.7683000000000001,0.0,0.765357519197349,0.00020617142822410204
2e51141bdd044f3a8a528d15b3aa6632,291.15,101.3,2,CCCCOC=O,0.249,CCCCCC,0.7509999999999999,0.7114000000000001,0.0,0.7012706663278117,0.0001953227261596505
9c7b58fbd9854daea169c595076f5207,313.15,101.0,2,COCCOC,0.22207,CCCCCO,0.77793,0.8093100000000001,0.0,0.8112672673874067,0.00022203831184749724
069bee3177de4f058382394db0d7e5c9,293.15,101.0,2,COCCOC,0.7087899999999999,CCCCCO,0.29120999999999997,0.8507300000000002,0.0,0.8663920448011762,0.00023163403520545553
d2eb9d8b98334609bd04ea62d877a2a2,293.15,101.0,2,COCCOC,0.49705,CCCCCO,0.50295,0.8395500000000001,0.0,0.8494152628963713,0.0002282914236709189
b86d7606b7814b7aa18d5b9d29acafc7,298.15,101.0,2,C1CCCCC1,0.7791,CCCCC,0.2209,0.7391400000000001,0.0,0.7196319132332509,0.00021524031111946895
aff80ec8df9344ed9c6b99ecac0d25dd,298.15,101.0,2,C1CCCCC1,0.2145,CCCCC,0.7855,0.6530900000000002,0.0,0.6317574478685807,0.00023621165594015726
866f5e0711b34d039be44d772c200836,298.15,101.0,2,C1CCCCC1,0.4595,CCCCC,0.5405,0.6904300000000001,0.0,0.6692492195931317,0.000218863561555264
5a4bf73d2ccf412eb3f59753fdebf03e,298.15,101.3,2,CCCCCC,0.247,CCC(C)(C)OC,0.753,0.7376939892837809,0.0,0.731647418747957,0.00021299124735912414
5fd3a3b253f84e97b984f0d251f7c5b9,298.15,101.3,2,CCCCCC,0.745,CCC(C)(C)OC,0.255,0.6824905547232561,0.0,0.6687387480772092,0.0002014060218396256
866adb782e2c459cbbb2d0c7ede753e2,298.15,101.3,2,CCCCCC,0.4970000000000001,CCC(C)(C)OC,0.503,0.7097867686126319,0.0,0.6994054057653476,0.0002131257476015453
3aa72cc0b954439696771d574b72a196,298.15,101.3,2,CC(=O)O,0.2944,CCOC(C)=O,0.7056,0.9255000000000002,0.0,0.9352444747786487,0.00023318024995988147
0cd46ff783ad4c41bf042a5261461052,298.15,101.3,2,CC(=O)O,0.7989,CCOC(C)=O,0.2011,0.9996600000000002,0.0,1.0276376873861424,0.0002766066151693082
5b815740df30468597dac2c1dd23ee6b,298.15,101.3,2,CC(=O)O,0.5007,CCOC(C)=O,0.4993,0.9514000000000002,0.0,0.9673153029768916,0.0002711190352007422
5186996b548b4f1f9c12889dabcbe96c,298.15,101.0,2,CC1CCCCC1,0.2502,CCCCCC,0.7498,0.6832000000000003,0.0,0.6684255985139317,0.00020879272000240762
ece3e1846f3a42208f1b0d6d8f57c31f,298.15,101.0,2,CC1CCCCC1,0.5026,CCCCCC,0.4974,0.7107000000000002,0.0,0.6992779731379491,0.00021638117362131928
636f48084df84aaa8f81140590d6acac,298.15,101.0,2,CC1CCCCC1,0.7527,CCCCCC,0.2473,0.7380000000000002,0.0,0.7299688458107603,0.00021510779717777098
cbf3239485234b50bddeba7b24711e12,298.15,101.0,2,C1CCOC1,0.5024,C=CC(=O)OC(C)(C)C,0.4976,0.8816900000000003,0.0,0.8935542911434353,0.0002863914855275784
2fe53ca8a949496a8c1843f587f18326,298.15,101.0,2,C1CCOC1,0.7268,C=CC(=O)OC(C)(C)C,0.2732,0.8820800000000002,0.0,0.8918094274357578,0.00021655210227032324
00f35d4e15f64fd3bb486ea5153a4914,298.15,101.0,2,C1CCOC1,0.2773,C=CC(=O)OC(C)(C)C,0.7227,0.8809200000000001,0.0,0.8975264676226936,0.00025190894330631036
dc2869cc1f8b4b4397e304bcb4877685,298.15,101.0,2,CCCO,0.7892,CCCCCO,0.2108,0.8028000000000002,0.0,0.8016344363757684,0.0003236870015799655
a318a2cc4cca4e0484c5d43160dc3f62,298.15,101.0,2,CCCO,0.5053,CCCCCO,0.4947,0.8062000000000002,0.0,0.8048935238078102,0.00024174829477319483
a0f4a4f801fb477a9245cef3e3913d78,298.15,101.0,2,CCCO,0.2143,CCCCCO,0.7857,0.8091000000000003,0.0,0.8085250166206965,0.00026160698926005674
75eaf6b92f0646ea8f2572890b9d879b,298.15,101.0,2,C1CCOCC1,0.2235,CCCCCC(C)=O,0.7765,0.8221200000000002,0.0,0.8017533834149835,0.00023232518082340792
c318897f7297441c8a15d976a2ddf1d5,298.15,101.0,2,C1CCOCC1,0.7101,CCCCCC(C)=O,0.2899,0.8534200000000002,0.0,0.8470099698126786,0.00020435695086672219
7ca297fe446b4e4a8182785e51a74951,298.15,101.0,2,C1CCOCC1,0.5166,CCCCCC(C)=O,0.4834,0.8396100000000002,0.0,0.8269185248063228,0.0001978410858945652
036350586f81408ba1cbf3d73fb70467,298.15,100.0,2,COC(C)=O,0.7489,CCCCC(=O)OC,0.2511,0.9105300000000002,0.0,0.9095649865522384,0.0002389526772866782
d70cc33b08f14c209e437b12c10032e8,298.15,100.0,2,COC(C)=O,0.5065,CCCCC(=O)OC,0.4935,0.8996200000000002,0.0,0.8973620461161987,0.00024188699527368654
dca922e9b92646708d8b99e64469cb71,298.15,100.0,2,COC(C)=O,0.2617,CCCCC(=O)OC,0.7383,0.8914700000000002,0.0,0.8886396794199817,0.00022978192943998326
bf3b77e62bbe4e6fbe72f482f048f173,298.15,101.0,2,CC1CCCCC1,0.763,CCCCCCC,0.237,0.7476000000000002,0.0,0.7352046412220911,0.00019795474626814913
c6d549ae4d5642f6899ced40b2bae1ef,298.15,101.0,2,CC1CCCCC1,0.5029,CCCCCCC,0.4971,0.7197000000000002,0.0,0.7092947732396867,0.00020529834880646808
48e01a815d4e4bb7ae8964fa1d7ee4cd,298.15,101.0,2,CC1CCCCC1,0.2392,CCCCCCC,0.7608,0.7033000000000001,0.0,0.685585562901816,0.00019396979795174298
52ef0c068b8f4ba5b4fcc52c95ef9e5e,298.15,100.0,2,CCC(C)=O,0.2011,OCCCO,0.7989,0.9964480000000002,0.0,1.0088380324714334,0.0005327892175882966
ca591afbbbf142adb60f6efe47d35239,298.15,100.0,2,CCC(C)=O,0.7996,OCCCO,0.2004,0.8462200000000002,0.0,0.8154623840252434,0.0002396878435464317
5c6f01c708ff420a862fd80b80bd80dc,298.15,100.0,2,CCC(C)=O,0.5001,OCCCO,0.4999,0.9209360000000002,0.0,0.9092588509331345,0.00031444565667640705
f1a2e8f8bb214db9b025cb1487e1d496,298.15,101.0,2,CCCCC,0.2471,CCCCOC=O,0.7529,0.8221800000000001,0.0,0.825874853685493,0.0001993644868809383
0a43cfeb829744c2b89e6c31ff171696,291.15,101.0,2,CCCCC,0.7972,CCCCOC=O,0.2028,0.6804100000000002,0.0,0.6666108088499118,0.0002686727342410933
ed82464893fe490595a3c9402df5dd3b,291.15,101.0,2,CCCCC,0.4971,CCCCOC=O,0.5029,0.7614300000000002,0.0,0.7571526106386823,0.00030438452238720065
26ad0ed786a84a2386b06be89e1ed730,291.15,101.3,2,CCCOC=O,0.7473,CCCCCC,0.2527,0.8270000000000002,0.0,0.8306297079392693,0.00021553345395381547
d006baad7e554c2e8d6cfa1ff4fe2f80,291.15,101.3,2,CCCOC=O,0.5017,CCCCCC,0.4983,0.7618000000000001,0.0,0.7585938188736236,0.000234628860254778
678c5dd0521a436e8625070c56cca9b5,291.15,101.3,2,CCCOC=O,0.248,CCCCCC,0.752,0.7058000000000001,0.0,0.6956647109489172,0.00023151303701174505
5e3c8ef600ab4dc7ab03e8a9dc11b981,298.15,101.0,2,C1COCCO1,0.5006,C1CCCCC1,0.4994,0.8769800000000002,0.0,0.8893527729793118,0.00023970650239606148
5d6b3d1877cf49b790109d91416450bc,313.15,101.0,2,C1COCCO1,0.2926,C1CCCCC1,0.7074,0.8139900000000002,0.0,0.8120205773204809,0.0002994875646918953
3730b459443c45b68d8f0a2c1c8dfb54,313.15,101.0,2,C1COCCO1,0.7966,C1CCCCC1,0.2034,0.9432900000000002,0.0,0.9755583891351958,0.000238347740091202
c8d2d8588c944ee1ac073881f2306218,298.15,101.0,2,C1CCOC1,0.2302,C=CC(=O)OCC,0.7698,0.9117900000000002,0.0,0.9136684846200174,0.0002399389570609834
1cd755553aa048ee99e6e4060c0860f3,298.15,101.0,2,C1CCOC1,0.7283,C=CC(=O)OCC,0.2717,0.8955200000000002,0.0,0.8973599896000084,0.00029009110006518435
880d7ce70af04e45a9eb7cdc4072260d,298.15,101.0,2,C1CCOC1,0.5286,C=CC(=O)OCC,0.4714,0.9033200000000002,0.0,0.9045898001173713,0.00024175960548441407
71bdcf6b8bc44c4b998636f2a6a7852e,298.15,101.3,2,C1COCCO1,0.2057,CCCCCC,0.7943,0.7064000000000001,0.0,0.698242864435471,0.00024045254990047622
f102298010dc429097ed7072c3e8287d,298.15,101.3,2,C1COCCO1,0.7991,CCCCCC,0.2009,0.9240000000000004,0.0,0.9505589635653183,0.00021920403894755603
7fa6d56fd2684e66868707d295cc74cc,298.15,101.3,2,C1COCCO1,0.501,CCCCCC,0.499,0.7996000000000002,0.0,0.807262776368128,0.00023180966415136653
2ed19366503e4ec08db4d902c77444b1,298.15,101.0,2,C1CCCC1,0.5051,CCCO,0.4949,0.7639600000000002,0.0,0.7509086602155323,0.00027496112585390754
0a9f015f9d974519b4844ecc61c5d749,298.15,101.0,2,C1CCCC1,0.7688,CCCO,0.2312,0.7464510000000002,0.0,0.7301925444987365,0.00022919109259290162
e083686cb42a42aca92b50fe55b26ec1,298.15,101.0,2,C1CCCC1,0.2341,CCCO,0.7659,0.7813700000000002,0.0,0.7744281076998998,0.0002677745414527417
6558a154a3444970abe269aee9432e66,293.15,101.0,2,CC(=O)OCCC(C)C,0.2419,CCCCO,0.7581,0.8305100000000002,0.0,0.8308542810502819,0.00024150020382009504
ee029cc49df945a398192ba562f0a582,293.15,101.0,2,CC(=O)OCCC(C)C,0.7185,CCCCO,0.2815,0.8598000000000001,0.0,0.8624477487861529,0.00018868963398048895
08049ed9479b47f8909109e54fac79ff,293.15,101.0,2,CC(=O)OCCC(C)C,0.4814,CCCCO,0.5186,0.8466800000000001,0.0,0.8482693705688837,0.0002488329616649016
d3ae2a45ed6e48729fee892318b36fe3,298.15,101.3,2,COCCO,0.7488,CCOC(C)(C)C,0.2512,0.8891500000000002,0.0,0.9015978165371282,0.00023703854769116278
c4d1ab9cefb34c81b589d76e301efddf,298.15,101.3,2,COCCO,0.2489,CCOC(C)(C)C,0.7511,0.7757500000000002,0.0,0.7877100964562054,0.00024078058282657426
2508572b800d4d168991f6b435987d20,298.15,101.3,2,COCCO,0.501,CCOC(C)(C)C,0.499,0.8266300000000002,0.0,0.8380402538305969,0.0002480920851688961
54c60bece4d940a3be174e83e973563a,298.15,101.0,2,C1CCOC1,0.7632,C=CC(=O)OC,0.2368,0.9018300000000002,0.0,0.903618027396409,0.00026041740518556526
082f28f60dba432193a0d623766f7e66,298.15,101.0,2,C1CCOC1,0.53,C=CC(=O)OC,0.47,0.9188000000000002,0.0,0.9194714116374728,0.0002840509496263951
06a81290bb1f40e7ba978e0561ccb963,298.15,101.0,2,C1CCOC1,0.2545,C=CC(=O)OC,0.7455,0.9356300000000002,0.0,0.9367113234132036,0.00028622709384750904
129f1d1c9a66491caad34174dd209618,298.15,101.0,2,CCCOCCO,0.4968,OCCOCCO,0.5032,1.0042100000000005,0.0,1.0327904958363436,0.0002530863820349862
11768345fa574c6b986dee485ce3d113,298.15,101.0,2,CCCOCCO,0.4968,OCCOCCO,0.5032,1.0042100000000005,0.0,1.0327904958363436,0.0002530863820349862
6f7e95896d5d444b851e6f22d9094e81,298.15,101.0,2,CCCOCCO,0.2007,OCCOCCO,0.7993,1.06679,0.0,1.1044310667035004,0.0002867238983272923
e223b2e184794c0ebd351e7791252775,298.15,101.0,2,CCCOCCO,0.2007,OCCOCCO,0.7993,1.06679,0.0,1.1044310667035004,0.0002867238983272923
d9aeaa7369c24973a89d789925da4b72,298.15,101.0,2,CCCOCCO,0.7998,OCCOCCO,0.2002,0.9448200000000004,0.0,0.9641709036935797,0.0002725064556383385
72495e6bcd35430a90bfe1a9343e9d9a,298.15,101.0,2,CCCOCCO,0.7998,OCCOCCO,0.2002,0.9448200000000004,0.0,0.9641709036935797,0.0002725064556383385
3bced4742c864ee186f1b71a2ba47dab,298.15,101.0,2,CC(C)CO,0.5057,CCCCCC,0.4943,0.7138000000000001,0.0,0.7086832521235715,0.0002477738626688067
f430f9951d2c4ae78cdc4edb616c6876,298.15,101.0,2,CC(C)CO,0.7073,CCCCCC,0.2927,0.7446000000000002,0.0,0.7457376501147431,0.00027748552556818186
1b2a32a250464832aeed04ae2111e9c4,298.15,101.0,2,CC(C)CO,0.2,CCCCCC,0.8,0.6751000000000001,0.0,0.6617572804020012,0.000246838750257596
b22d7b8a2e814592ab283d71e8f42211,298.15,96.6,2,COCCOC,0.2982,C1CCCCC1,0.7018,0.7907800000000001,0.0,0.7841499374557633,0.0002240627866094197
8ccb680f62b6492bb22a7081d8ba81ae,308.15,96.6,2,COCCOC,0.7007,C1CCCCC1,0.2993,0.8158300000000003,0.0,0.8274060966198118,0.0002611323365426393
b294587fc52b43dfaf065f956b4a6f5f,298.15,96.6,2,COCCOC,0.4987,C1CCCCC1,0.5013,0.8068300000000003,0.0,0.8093926607134465,0.00024582459034114723
b9a2158b6936487b80b4ae8fce99da8f,298.15,101.0,2,C1COCCO1,0.7659999999999999,CCC(C)=O,0.23399999999999999,0.9722000000000004,0.0,0.9941619420152824,0.00031472181715097027
b04050fab41941f8ab91339ccf5435ad,298.15,101.0,2,C1COCCO1,0.2597,CCC(C)=O,0.7403,0.8568000000000001,0.0,0.8353109699087143,0.00028177961104216095
f9f6d8b1b465401689cd9eea6006e5c0,298.15,101.0,2,C1COCCO1,0.4501,CCC(C)=O,0.5499,0.9001000000000002,0.0,0.8935769570372656,0.0002659302738672967
45f107729331457bbd29017eb8ad9a91,298.15,101.0,2,C1CCCC1,0.7543,CCCCCO,0.2457,0.7564860000000002,0.0,0.7413750205460163,0.00021210220926949579
5ffbe060b8df46548dca4a5520344ad0,298.15,101.0,2,C1CCCC1,0.4798,CCCCCO,0.5202,0.7790820000000002,0.0,0.768104560944852,0.0002638256201801395
02645464d1f04b8695915766dc284865,298.15,101.0,2,C1CCCC1,0.2742,CCCCCO,0.7258,0.7934390000000001,0.0,0.7863816799750091,0.000312477766805332
deffa8a49996418585400923b698b20c,298.15,101.0,2,O=C1CCCCC1,0.8,C=C(C)C(=O)O,0.2,0.9554000000000002,0.0,0.9262676877527013,0.00019414372023893764
7877b3aaf4f849f5b23919e583cbdd45,298.15,101.0,2,O=C1CCCCC1,0.2,C=C(C)C(=O)O,0.8,0.9949000000000002,0.0,0.9855809641324006,0.00030608555871359367
776d891e73c6419f94d071cdafe5ee28,298.15,101.0,2,O=C1CCCCC1,0.5,C=C(C)C(=O)O,0.5,0.9750000000000002,0.0,0.953279597969821,0.00025888517053386636
9093f1667b9d4d2f93dfc8cda80c8926,308.15,101.3,2,CCCCCCC,0.5021,COCCOC,0.4979,0.7382400000000002,0.0,0.740130578821314,0.0002121270949226015
18c187dc697c412a893cb4059cd3bad0,308.15,101.3,2,CCCCCCC,0.2009,COCCOC,0.7991,0.7981000000000003,0.0,0.8130986411337922,0.00022711355975307904
6f566b1cddc84dcfb2bb1988eb1a1c6a,308.15,101.3,2,CCCCCCC,0.7018,COCCOC,0.2982,0.7073300000000002,0.0,0.7021464650280366,0.0002357553588623036
afa25827ef0d441f875ef913d96fa7d3,298.15,101.0,2,CCCCOC(C)=O,0.2264,O=C1CCCC1,0.7736,0.9231000000000004,0.0,0.8962864141944143,0.00022708513297400103
dd082e49e6c94f97b392f486ac54d5af,298.15,101.0,2,CCCCOC(C)=O,0.4995,O=C1CCCC1,0.5005,0.9029,0.0,0.8868406626449006,0.0002269823628301547
751c7c97b7e14332a255b2812faf6648,298.15,101.0,2,CCCCOC(C)=O,0.7264,O=C1CCCC1,0.2736,0.8889000000000001,0.0,0.8808429986332652,0.00023294204678550283
33f480c4b50449759482d1233c299ddd,298.15,101.0,2,C1CCCCC1,0.2503,CCCCCCC,0.7497,0.6974100000000001,0.0,0.6810896484636352,0.00019480798638536894
9696eede8bb34497b0848566075ce6b5,298.15,101.0,2,C1CCCCC1,0.7490000000000001,CCCCCCC,0.251,0.7427200000000002,0.0,0.7246984432167423,0.00026056930507666455
dd0b387cd3364b2785cf9629f84f93d1,298.15,101.3,2,CCCCCCC,0.5039,C1CCCCC1,0.4961,0.7172100000000002,0.0,0.6997056926304949,0.00022194860723552537
498d0bb2726647e4930b3757e65d6a8a,298.15,101.0,2,OCCCO,0.2646,OCCO,0.7354,1.0931000000000002,0.0,1.1310705874248288,0.0003931452138450393
bfa77009d5714e61b5f1b8217023898a,298.15,101.0,2,OCCCO,0.5383,OCCO,0.4617,1.0757000000000003,0.0,1.1117268650158387,0.0003663260033868675
410b16e567c248f8ba8a2161a0256bf2,298.15,101.0,2,OCCCO,0.7976,OCCO,0.2024,1.0601000000000005,0.0,1.0959262047463378,0.0004680792661421144
c2e4ba564acc4cf382e3592e11825584,298.15,101.0,2,C1CCOCC1,0.5007,CCCCCCO,0.4993,0.8424500000000003,0.0,0.8433311149635728,0.00027318017232141764
5d7ca38e9c614d73b795d7c6c4e3a17d,298.15,101.0,2,C1CCOCC1,0.2029,CCCCCCO,0.7971,0.8252800000000001,0.0,0.8258367067274591,0.00018253925686155986
465b387956ee4a25beafd2fb4436bf1f,298.15,101.0,2,C1CCOCC1,0.7015,CCCCCCO,0.2985,0.8556900000000003,0.0,0.8584335683515707,0.0001967840847511207
8e8ec70c2f7a4171be9dbb8dc924e641,298.14,101.3,2,CCC(=O)O,0.8009,CC(C)=O,0.1991,0.9543440000000004,0.0,0.9634470925004148,0.00023210839763539493
48be775048394fbe96465feaf6f52ed8,298.14,101.3,2,CCC(=O)O,0.4999,CC(C)=O,0.5001,0.8977050000000003,0.0,0.8846287687383919,0.00026990589047541023
400b5852ccbc400ba6321d0282456440,298.14,101.3,2,CCC(=O)O,0.2297,CC(C)=O,0.7703,0.8404150000000001,0.0,0.8116880604383973,0.00025618928031072123
bbe7e549354147bf95d29ade431d3def,298.15,101.0,2,C1COCCO1,0.2,CCCC(=O)O,0.8,0.9703000000000002,0.0,0.9938984702728412,0.0003185691310415757
2194a5e088b0408194e3813742eafb3e,298.15,101.0,2,C1COCCO1,0.5,CCCC(=O)O,0.5,0.9934000000000002,0.0,1.022496788524294,0.000264657413640855
1a7166b0b297482f84ad67db3e357bfd,298.15,101.0,2,C1COCCO1,0.7,CCCC(=O)O,0.3,1.0068,0.0,1.0418948775594639,0.0002964831125307811
82ebfb99d1164bd29b5d644145df6ff0,298.15,101.3,2,C=COC(C)=O,0.264,C=COC(=O)CC,0.736,0.9132000000000002,0.0,0.9042209853707648,0.00023954599146430296
32c4f025647c49cd80dd15b5fba73ee7,298.15,101.3,2,C=COC(C)=O,0.504,C=COC(=O)CC,0.496,0.9168000000000002,0.0,0.9088154156334781,0.00024616599085793716
d3744386e0654eb38a861ac1cb320b44,298.15,101.3,2,C=COC(C)=O,0.753,C=COC(=O)CC,0.247,0.9209500000000004,0.0,0.913849845378002,0.00029089362758196184
cf69eb181bab471c8ac64b011fb0379b,298.15,101.0,2,CC(C)CO,0.5265,CCC(C)=O,0.4735,0.7986300000000002,0.0,0.7841133762548615,0.00027018807021968476
1982aaa1ff5648fe8fc0fa7b24adacaf,298.15,101.0,2,CC(C)CO,0.7279,CCC(C)=O,0.2721,0.7982900000000002,0.0,0.7964403988591422,0.00032788298462390865
77ceed4d3f63425c9e06215ff5acfc8a,298.15,101.0,2,CC(C)CO,0.2613,CCC(C)=O,0.7387,0.7991200000000002,0.0,0.7701471615538293,0.00024345408479916605
a2f35ad2fae84e5bb18e6ac00d160aed,298.2,101.0,2,CCCCOC(C)=O,0.8003,CCCCCCO,0.1997,0.8638500000000002,0.0,0.8623238775713189,0.00026255122228791597
41db94a94d1b40bbb55fff40e12b645e,298.2,101.0,2,CCCCOC(C)=O,0.2012,CCCCCCO,0.7988,0.8277000000000002,0.0,0.8262179293377592,0.0001884783374952652
3dffd83d493f4089a03476405c7f327c,298.2,101.0,2,CCCCOC(C)=O,0.4999,CCCCCCO,0.5001,0.8455400000000002,0.0,0.8435989134356228,0.00022368986613293852
58921eb6550f4f0b801d8af1cd0848d7,298.15,101.0,2,CCCO,0.5,OCCCO,0.5,0.9283180000000002,0.0,0.946111423257362,0.00041962081346889413
add1d455fac94a50b73c719ad4ae2013,298.15,101.0,2,CCCO,0.2,OCCCO,0.8,1.002074,0.0,1.02930273767657,0.0002955904202840452
4f52708552574d6b80624d2639c941f3,298.15,101.0,2,CCCO,0.8,OCCCO,0.2,0.8516810000000002,0.0,0.8590913919488959,0.0002783868422887586
2a540c6d30d447058e7e4de6c68c2d6d,298.15,101.0,2,CC(=O)CC(C)C,0.2017,CCC(C)(C)O,0.7983,0.8030000000000002,0.0,0.8102877582390304,0.0003042946396908428
68f46afd953b4de8824b596a1bff565c,298.15,101.0,2,CC(=O)CC(C)C,0.7009,CCC(C)(C)O,0.2991,0.7968700000000002,0.0,0.7903745460171022,0.00025373324625934345
82ee323002ef44dd878d04d2fb7ff363,298.15,101.0,2,CC(=O)CC(C)C,0.5008,CCC(C)(C)O,0.4992,0.7987300000000002,0.0,0.7975271599175913,0.00025378266866522213
840dbcc5f4b54a6f993880984498128f,298.15,101.3,2,CCO,0.7607,CCCCCC,0.2393,0.7286687796083755,0.0,0.7244413570973747,0.00028355809501099966
90cf2bec37d64c759b14741821db1bf9,298.15,101.3,2,CCO,0.2039,CCCCCC,0.7961,0.6662786635961276,0.0,0.6509631487397561,0.0003009098503875154
dc30949f03cf46149eeb7c10a462e287,298.15,101.0,2,CCO,0.4999,CCCCCC,0.5001,0.6921000000000002,0.0,0.681112690774036,0.0002662334547303819
920bca80ee834134bd82d8ff1772958b,303.15,101.0,2,CC(C)OC(C)C,0.2555,CCCCCC,0.7445,0.6661138265085821,0.0,0.6564619909436928,0.0002445427076938532
d38d03396ed04f2d953020985833b5de,303.15,101.0,2,CC(C)OC(C)C,0.4661,CCCCCC,0.5339,0.6790571763095326,0.0,0.6766771242853404,0.0002381631137193259
e0eee87a1d664a24bb59d408e207e996,303.15,101.0,2,CC(C)OC(C)C,0.7173,CCCCCC,0.2827,0.6948274291494878,0.0,0.7004888143792529,0.00025270450876158985
b2761483be724c498f6655955e8fe3a9,298.15,101.0,2,O=C1CCCCC1,0.2778,CCOC(C)=O,0.7222,0.9073000000000002,0.0,0.8997456282281551,0.000250779439206063
be4fe0deb208462b9efce24ffd227bf6,298.15,101.0,2,O=C1CCCCC1,0.473,CCOC(C)=O,0.527,0.9175000000000002,0.0,0.9020360222909374,0.0002110904042169086
9c0517d524e94f55a220f32c1dfd7c92,298.15,101.0,2,O=C1CCCCC1,0.7822,CCOC(C)=O,0.2178,0.9326000000000002,0.0,0.9061760326049157,0.0002404270498330398
d87f6fa90b894eb8be0b031dcc4d667a,298.15,101.0,2,O=C1CCCCC1,0.8,C=C(C)C(=O)OCCO,0.2,0.9723000000000002,0.0,0.9430445077000192,0.0001918291230983798
62354bf429cb47958a5f84d551b397b1,298.15,101.0,2,O=C1CCCCC1,0.8,C=C(C)C(=O)OCCO,0.2,0.9723000000000002,0.0,0.9430445077000192,0.0001918291230983798
f15f032cee6b469ca4adcda7ea6200aa,298.15,101.0,2,O=C1CCCCC1,0.5,C=C(C)C(=O)OCCO,0.5,1.0124000000000002,0.0,0.9904272481875895,0.0002628398177964528
0f647da46e0e469ebe87394d92529005,298.15,101.0,2,O=C1CCCCC1,0.5,C=C(C)C(=O)OCCO,0.5,1.0124000000000002,0.0,0.9904272481875895,0.0002628398177964528
a3f177a4ea074fc7a4cbc87a79bb751f,298.15,101.0,2,O=C1CCCCC1,0.2,C=C(C)C(=O)OCCO,0.8,1.0478000000000005,0.0,1.0365092299158993,0.00021631810313240118
18ac7b7d36d6473a85004015ed0fb065,298.15,101.0,2,O=C1CCCCC1,0.2,C=C(C)C(=O)OCCO,0.8,1.0478000000000005,0.0,1.0365092299158993,0.00021631810313240118
95ac2a5e864348bd99bf5e6d3c22c05f,298.15,101.0,2,OCCCCO,0.2279,OCCO,0.7721,1.0782100000000003,0.0,1.1160235569397843,0.00040507783191353426
1f7819716d78425491adaea6b76fd8e5,298.15,101.0,2,OCCCCO,0.7337,OCCO,0.2663,1.0304000000000004,0.0,1.0604117791889645,0.000491071050763875
c7b0531c8b24419a8f22c1fc3259d5c7,298.15,101.0,2,OCCCCO,0.5081,OCCO,0.4919,1.0485600000000002,0.0,1.0827451658337959,0.00041531961868493205
b6b51c634df04c16ba9da3fa35829328,293.15,101.0,2,CCC(=O)O,0.7201,CC(C)CO,0.2799,0.9293200000000004,0.0,0.9534566930139186,0.0002536741192437154
ba8fbc562bb24ab3ac8675ba54b949c9,293.15,101.0,2,CCC(=O)O,0.4828,CC(C)CO,0.5172,0.8833400000000002,0.0,0.9035905040555204,0.0003782813474713845
99f4cef316844e1aaee5993d898a256e,293.15,101.0,2,CCC(=O)O,0.2482,CC(C)CO,0.7518,0.8405500000000001,0.0,0.8600957090527184,0.00028145248097744793
990e161e10664c5885182d95dc07e606,298.15,101.0,2,CCC(C)=O,0.7399,CCC(O)CC,0.2601,0.8017200000000002,0.0,0.7708759543307305,0.00023301892880928018
8667ec1da10c4a0293d91388b49bc77c,298.15,101.0,2,CCC(C)=O,0.2428,CCC(O)CC,0.7572,0.8097200000000002,0.0,0.7962811308432549,0.00021277542812199124
586c9dddcfef4bbe9ddbd874313a01c3,298.15,101.0,2,CCC(C)=O,0.5584,CCC(O)CC,0.4416,0.8039200000000002,0.0,0.7807153823522333,0.00022162232471367358
74f19c7f95594190b3945e208f795119,298.15,101.3,2,CCCCO,0.2477,CCCOC(C)=O,0.7523,0.8653000000000002,0.0,0.8641112315059291,0.0002297521760855942
74cfbbb164304abcbcef4a1226fec62e,298.15,101.3,2,CCCCO,0.755,CCCOC(C)=O,0.245,0.8267000000000002,0.0,0.8258333051854434,0.0002857273809784547
af0de902933b4363a505511270b90564,298.15,101.3,2,CCCCO,0.4986,CCCOC(C)=O,0.5014,0.8469000000000002,0.0,0.8458728899127528,0.00025850628490725315
35cda139c4134aba9200c1dece3ad6ed,298.15,101.0,2,O=C1CCCCC1,0.2444,COC(C)=O,0.7556,0.9299000000000002,0.0,0.9196051229183819,0.00024002633785917657
2be84ae6a06649658b98b5ffa2612b85,298.15,101.0,2,O=C1CCCCC1,0.7512,COC(C)=O,0.2488,0.9382000000000004,0.0,0.9119399493209295,0.00027948023334385365
b6128baab70a4ffc83bf9a8bf944196d,298.15,101.0,2,O=C1CCCCC1,0.531,COC(C)=O,0.469,0.9346000000000002,0.0,0.9146548848524635,0.0002333273389909573
11a543696cf64f748881edea1882ab58,298.15,101.0,2,C1CCCC1,0.7372,CCCCO,0.2628,0.7556000000000002,0.0,0.7380940250134685,0.00035456092801406015
51c48b4dd8124484a54a2c06f5132c2a,293.15,101.0,2,C1CCCC1,0.294,CCCCO,0.706,0.7898400000000002,0.0,0.7825936535024846,0.0002876973003647132
184c1180ca7a4a3eb18310a73868332e,298.15,101.0,2,C1CCCC1,0.5104,CCCCO,0.4896,0.7708000000000002,0.0,0.7580564797466474,0.000250619763261671
329dad8f02294253ac293753e7c142fe,298.15,100.8,2,C1CCOC1,0.5,CC(C)CC(C)(C)C,0.5,0.7513600000000001,0.0,0.7621631046997721,0.0002132376994396586
230b21482cfe4bd8bf99d10dcddbd7c3,298.15,100.8,2,C1CCOC1,0.25,CC(C)CC(C)(C)C,0.75,0.7146500000000001,0.0,0.7273734044212617,0.00019751116210991158
fdf29ea510084e778c6fc32a08a582a8,298.15,100.8,2,C1CCOC1,0.75,CC(C)CC(C)(C)C,0.25,0.8034700000000002,0.0,0.8114402513549192,0.00025691619565236735
d2572a94ff0a4563a51c498dac0d1a47,298.15,101.0,2,CCC(C)=O,0.7605,O=C1CCCCC1,0.2395,0.8443000000000002,0.0,0.7992927656347721,0.00026993641079722043
6df8db03d90d499585c9a48d3094f571,298.15,101.0,2,CCC(C)=O,0.2539,O=C1CCCCC1,0.7461,0.9172000000000002,0.0,0.8767501548953583,0.00021081167248706737
1db7b65029084ee1a4f26fe169e577ba,298.15,101.0,2,CCC(C)=O,0.4757,O=C1CCCCC1,0.5243,0.8896000000000003,0.0,0.8447675029331452,0.00021429801757847836
3ee6877bbb9c4bc3a4eaf454753506b4,298.0,101.0,2,CCOC(C)=O,0.7988,CCCCOC(C)=O,0.2012,0.8889000000000001,0.0,0.8911515271709889,0.0002184043428018102
3377937127cc4936b84c2018f174622c,298.0,101.0,2,CCOC(C)=O,0.2993,CCCCOC(C)=O,0.7007,0.8797000000000003,0.0,0.8797858253316094,0.00021765673859712895
2ec2a8831dcb442792c41a58813e40e4,298.0,101.0,2,CCOC(C)=O,0.4982,CCCCOC(C)=O,0.5018,0.8829000000000002,0.0,0.8843750738558231,0.00021862363713840718
ce34744b7a744229931e53d4f9210233,298.15,101.0,2,CCCC(=O)O,0.7973,CCCCC(=O)O,0.2027,0.9486000000000002,0.0,0.9731727126381302,0.0002871702549869277
52ac07e793424ae99b928fc59a0648af,298.15,101.0,2,CCCC(=O)O,0.4922,CCCCC(=O)O,0.5078,0.94281,0.0,0.9692673341218475,0.00028836281746911883
1ed17968bed148b7993b2aadb2efe63d,298.15,101.0,2,CCCC(=O)O,0.2928,CCCCC(=O)O,0.7072,0.9394000000000002,0.0,0.9654103560719008,0.00031538069228675123
e0b5c1716e424589a845cb739742412d,298.15,101.0,2,C1CCOC1,0.7071,CCCCCCO,0.2929,0.8558230000000002,0.0,0.8560348973147545,0.0002344587642243984
e6b2b266fab94e5487a9fb2fd9f49802,298.15,101.0,2,C1CCOC1,0.5013,CCCCCCO,0.4987,0.8414070000000002,0.0,0.8411059914027975,0.00021271482386851263
2d2e65fd6dc44e608cfd18d4fd53b398,298.15,101.0,2,C1CCOC1,0.256,CCCCCCO,0.7440000000000001,0.8273270000000001,0.0,0.8266809979929218,0.0002601587207541082
21b40dd15936446a8453de7ffc4bef56,298.15,101.0,2,CCOCCO,0.7527,C1CCCCC1,0.2473,0.8813700000000002,0.0,0.8884459258784856,0.0002805803690942167
5b1f2b673f114ae5a8cddde10b1af1ee,298.15,101.0,2,CCOCCO,0.7527,C1CCCCC1,0.2473,0.8813700000000002,0.0,0.8884459258784856,0.0002805803690942167
de885c3f7ed14d57bb0fcd086fcd2581,298.15,101.0,2,CCOCCO,0.5,C1CCCCC1,0.5,0.8389100000000002,0.0,0.8369018595388753,0.0002497588474278914
fa8d9f9b57c24ee2ab643104d06cfef4,298.15,101.0,2,CCOCCO,0.5,C1CCCCC1,0.5,0.8389100000000002,0.0,0.8369018595388753,0.0002497588474278914
0b390eb415ce4a2dafa559f66c406129,298.15,101.0,2,CCOCCO,0.2541,C1CCCCC1,0.7459,0.8032400000000002,0.0,0.7935200571322151,0.00024987495250785815
0eb963996fef49b08b5be5897da81129,298.15,101.0,2,CCOCCO,0.2541,C1CCCCC1,0.7459,0.8032400000000002,0.0,0.7935200571322151,0.00024987495250785815
645bc5c4bafb449186ca75adc7c981bf,298.15,101.0,2,CCCCC,0.7991,CCCCCCC,0.2009,0.6357300000000001,0.0,0.6158337586690434,0.00023004222492919996
a94c1c49836c489a9ab955841f5a3f9f,298.15,101.0,2,CCCCC,0.4997,CCCCCCC,0.5003,0.6550100000000001,0.0,0.6371277458531176,0.00022495633457127548
afe9a61fce61410c8721f94faafd87df,298.15,101.0,2,CCCCC,0.2019,CCCCCCC,0.7981,0.6702100000000002,0.0,0.655085928087877,0.00019138921722162432
cdea2ca8db3f4bd1aeff50b15282fa89,298.15,101.0,2,CCO,0.701,CCCCO,0.299,0.7933300000000002,0.0,0.7983485062278719,0.0002911219653879476
fb79229523ca41dca77a6e2e03fc8214,298.15,100.0,2,CCO,0.2008,CCCCO,0.7992,0.8030000000000002,0.0,0.8032160055494633,0.00028578883905882414
7522e354f4f74a19a505ac933d9ae0ce,298.15,100.0,2,CCO,0.5002,CCCCO,0.4998,0.7977000000000002,0.0,0.8010249680668664,0.0003096804201962594
32416b9999a847a591277a604ab1ea11,298.15,101.0,2,CCCCO,0.523933,CC1CCCC1,0.476067,0.7685800000000003,0.0,0.7677011667987996,0.00023570041108528678
a6221ab7b1a945349c67c66b247f453b,298.15,101.0,2,CCCCO,0.722375,CC1CCCC1,0.277625,0.7825200000000002,0.0,0.782121791166057,0.00030587024846723157
d1b0a48067204d2bb28aa4a576dc247f,298.15,101.0,2,CCCCO,0.206864,CC1CCCC1,0.793136,0.7505500000000002,0.0,0.7477844042800198,0.0002474878079274554
3e0cfe7bebd3430c969046dc3051f956,298.15,101.0,2,CCCCCCC,0.5088,CCCCCCO,0.4912,0.7409400000000003,0.0,0.7333236483145256,0.00018833016984108654
8db3e73be5a14f2599c0738b37362cdf,298.15,101.0,2,CCCCCCC,0.3197,CCCCCCO,0.6803,0.7674600000000003,0.0,0.763187097094016,0.0002496406627423278
cd4267d7acc84c2fb48ac8b19c0001f6,298.15,101.0,2,CCCCCCC,0.7045,CCCCCCO,0.2955,0.7150100000000001,0.0,0.7047363402149259,0.00020560728307131903
c1f0013918594d1c89e45c15b1b6d1c1,303.15,101.3,2,C1CCOC1,0.1989,CCCCOC(C)=O,0.8011,0.8715800000000002,0.0,0.8709246161836401,0.00020908404570256985
24a480872953406eb41cad8060a6dcbe,303.15,101.3,2,C1CCOC1,0.7978,CCCCOC(C)=O,0.2022,0.8749600000000003,0.0,0.8769334973574234,0.0002667258325250059
d7b33bce303d4eb3b02ffdec4ffdaac0,303.15,101.3,2,C1CCOC1,0.4967,CCCCOC(C)=O,0.5033,0.8730100000000002,0.0,0.8733000651126781,0.00022392350677008562
28c26129a562402b8e8af4e927601358,298.15,101.0,2,O=C1CCCCC1,0.2064,CCCOC(C)=O,0.7936,0.8942000000000002,0.0,0.8872970692819099,0.0002329142905257024
867dd5b8466c43b1967f147b42bb5748,298.15,101.0,2,O=C1CCCCC1,0.7083,CCCOC(C)=O,0.2917,0.9243,0.0,0.9005303918177188,0.00017779839418702808
ea7d398584244a6dbdb2e0e4c660097f,298.15,101.0,2,O=C1CCCCC1,0.5099,CCCOC(C)=O,0.4901,0.9124000000000002,0.0,0.894927871241294,0.00029231331402132586
95ce3b8a389747bda4ff390dbbda3c6f,298.15,101.0,2,CCCCC,0.2403,CCCOC=O,0.7597,0.8220100000000002,0.0,0.8268214206499972,0.00023317166699648813
8ad5c359e81840328f24694289fb2607,298.15,101.0,2,CCCCC,0.5118,CCCOC=O,0.4882,0.7417500000000001,0.0,0.7379662288492296,0.00026691606268449753
30696b995d7f471f883bdb4838704186,298.15,101.0,2,CCCCC,0.7475,CCCOC=O,0.2525,0.6792300000000002,0.0,0.6670071056134198,0.0002577760855042567
5e3353f2915742b6b1e4c4cb3750eb9a,298.14,101.0,2,CCCCC,0.7001,CCCCCC,0.2999,0.6335100000000001,0.0,0.6115821056067494,0.00023075135110307737
247a1f2ac0a24c40b7d6406a2e4bb15e,298.15,101.0,2,CCCCC,0.5,CCCCCC,0.5,0.6396600000000001,0.0,0.6196636946252732,0.00025643653380107487
b376d79340c44f30a30b5db1c9a95a09,298.15,101.0,2,CCCCC,0.2998,CCCCCC,0.7002,0.6459800000000002,0.0,0.6274956943305076,0.0002055658145126867
0a2bad89c9fb4319a01d17e9bc3e1c87,298.15,101.3,2,CCCCC(=O)OC,0.2867,CCCCCCC,0.7133,0.7310900000000002,0.0,0.7201089487885666,0.00019865530548350896
a0214547e0924ff8b2de0bbdfc22a283,298.15,101.3,2,CCCCC(=O)OC,0.7607,CCCCCCC,0.2393,0.8289900000000002,0.0,0.8231731279863289,0.00019532128584400676
3056f5d423f44423878a02feaf3e27ff,298.15,101.3,2,CCCCC(=O)OC,0.4931,CCCCCCC,0.5069,0.7718800000000002,0.0,0.7634501520077337,0.00019192027174728756
cc23bac8654c499ab1fb4f24f7e79f6d,303.15,101.0,2,CC(C)CCO,0.5055,CCOCCO,0.4945,0.8558000000000001,0.0,0.8716827244037137,0.00023298414390142755
0802d239a7d34a3c9c96c15107c757ce,303.15,101.0,2,CC(C)CCO,0.5055,CCOCCO,0.4945,0.8558000000000001,0.0,0.8716827244037137,0.00023298414390142755
6f3163e4f0d3426bbfb00d139cd8bc80,303.15,101.0,2,CC(C)CCO,0.7046,CCOCCO,0.2954,0.8333000000000002,0.0,0.8455464411549873,0.00030897058158323284
9c4837c077084bd69e035712cede9d3b,303.15,101.0,2,CC(C)CCO,0.7046,CCOCCO,0.2954,0.8333000000000002,0.0,0.8455464411549873,0.00030897058158323284
d91a02e3176946799b542ee868732cc6,303.15,101.0,2,CC(C)CCO,0.2036,CCOCCO,0.7964,0.8929000000000001,0.0,0.912043740850971,0.00024217897557224146
3a4aa0175b664831af1c9e4cd97c403d,303.15,101.0,2,CC(C)CCO,0.2036,CCOCCO,0.7964,0.8929000000000001,0.0,0.912043740850971,0.00024217897557224146
b18be41f94b54394bc8487928d8159e0,298.15,100.0,2,CCCCCC,0.2884,CCCCCCO,0.7116,0.7685000000000002,0.0,0.7646462270920346,0.00021541168756536826
ed300e9f7a0d483da8a01d6cfbdf3eff,298.15,100.0,2,CCCCCC,0.7903,CCCCCCO,0.2097,0.6870000000000002,0.0,0.6741485367495333,0.0002221133218558461
4d84f789b8c443688a6ef0c94985e6c3,298.15,100.0,2,CCCCCC,0.5236,CCCCCCO,0.4764,0.7301000000000002,0.0,0.7219098968073288,0.0002508411589577312
4318a87676ed4a3f9dbd0e3fd81e2cd0,303.15,101.0,2,COCCO,0.2495,CCOCCO,0.7505,0.9278680000000002,0.0,0.9504762555915796,0.00022012429549311414
0d476e3296de4f7da927e29833cb1cd1,303.15,101.0,2,COCCO,0.2495,CCOCCO,0.7505,0.9278680000000002,0.0,0.9504762555915796,0.00022012429549311414
c7e92c7eff18469eaea3b98f6073f5d7,298.15,101.0,2,COCCO,0.7494,CCOCCO,0.2506,0.9498180000000002,0.0,0.9753293972574798,0.00027354109083854976
2f3134425b064d7594698135df9162ff,298.15,101.0,2,COCCO,0.7494,CCOCCO,0.2506,0.9498180000000002,0.0,0.9753293972574798,0.00027354109083854976
b4bf43ed348d4ec0a574d44c17f52098,303.15,101.0,2,COCCO,0.4985,CCOCCO,0.5015,0.9360370000000002,0.0,0.9598071094615083,0.00023828084901758993
4f01223938e04abfae85da67cbce6b62,303.15,101.0,2,COCCO,0.4985,CCOCCO,0.5015,0.9360370000000002,0.0,0.9598071094615083,0.00023828084901758993
6289e64baa9e471fab83e8f967d16309,298.15,101.3,2,C1COCCO1,0.2203,CCCCCC(C)=O,0.7797,0.8420800000000003,0.0,0.8267177410200834,0.00021116906510949384
a0e05622a6b647dc9759877dc5e81ea9,298.15,101.3,2,C1COCCO1,0.7803,CCCCCC(C)=O,0.2197,0.9576500000000002,0.0,0.9774151389619631,0.00022078856350107528
af2ffc5de7224aaf96907fb990c06a10,298.15,101.3,2,C1COCCO1,0.5006,CCCCCC(C)=O,0.4994,0.8916700000000002,0.0,0.8912498026776688,0.0002124456198496784
e9f0a425956f431593f397aed80a0238,298.15,101.0,2,CCCCOC(C)=O,0.5459,CCC(=O)CC,0.4541,0.8495000000000003,0.0,0.8300879617966898,0.00020992013726060517
aeba0279ffd940189db64c6e4c9699ee,298.15,101.0,2,CCCCOC(C)=O,0.7613,CCC(=O)CC,0.2387,0.8622000000000003,0.0,0.8516441286198716,0.0002566314421391605
629a5f6901c44bfa9db1a1d1ca59c11a,298.15,101.0,2,CCCCOC(C)=O,0.2542,CCC(=O)CC,0.7458,0.8296000000000002,0.0,0.7971204382935128,0.00023653619311945798
c9e1850d388444ca97c062544b127908,298.15,101.0,2,CCC(C)=O,0.5024,CCCO,0.4976,0.7998140000000001,0.0,0.7743068010841623,0.0002591280871741158
40c1e50ce74c42d6801b1e2f409c1cfc,298.15,101.0,2,CCC(C)=O,0.7995,CCCO,0.2005,0.7996800000000002,0.0,0.763557714887361,0.00027325413230496197
76a22c6ecc114448872b4c7cb5d4d087,298.15,101.0,2,CCC(C)=O,0.2005,CCCO,0.7995,0.7998050000000001,0.0,0.7884106963153287,0.0003153951736434922
7ec1f37f50c04d118395bff85463a270,298.15,101.0,2,CCCC(=O)O,0.7993,CCC(=O)O,0.2007,0.9586300000000002,0.0,0.9820709255192086,0.0003253826470342572
142cbf28f80247c081a92dc19728fe07,298.15,101.0,2,CCCC(=O)O,0.4999,CCC(=O)O,0.5001,0.9684300000000002,0.0,0.993151937916287,0.0003211652402908691
e4faa924f4af454b81f3c12d30f4f21a,298.15,101.0,2,CCCC(=O)O,0.2996,CCC(=O)O,0.7004,0.9758500000000002,0.0,1.0010648377592453,0.00028492545820368084
02c75e7de6ee4f66b15ab6182a04573e,298.15,101.0,2,CCCCCC,0.7995,CCCCCCC,0.2005,0.6602400000000002,0.0,0.6437273839223554,0.00022683225617956508
5f7f61dbf150443ba2bc6aed77487f15,298.15,101.0,2,CCCCCC,0.2003,CCCCCCC,0.7997,0.6757000000000002,0.0,0.660764935426356,0.00019634378856977304
20a21cb827a2491eaf26995ab43cf050,298.15,101.0,2,CCCCCC,0.5001,CCCCCCC,0.4999,0.6681200000000002,0.0,0.6525303905093428,0.00021476589522055115
836f02685f6a4f12814af0178c0271ac,303.15,101.3,2,C1CCOC1,0.2035,CCOC(C)=O,0.7965,0.8861100000000002,0.0,0.889237512976638,0.00023954627101066425
721f220ce20b4a8491127aee0d31f0d3,303.15,101.3,2,C1CCOC1,0.4868,CCOC(C)=O,0.5132,0.8828200000000003,0.0,0.8860208056905744,0.0002812410259860039
15f339f04ba84ca4a958f3ae150e0a5e,303.15,101.3,2,C1CCOC1,0.6973,CCOC(C)=O,0.3027,0.8802100000000003,0.0,0.8834348037004395,0.00029994582898491416
079d04cae95f4698815ba7e43ed58d0d,298.15,101.0,2,CC1CCCCC1,0.7070000000000001,CCCCC,0.293,0.7279000000000001,0.0,0.718678743972352,0.00020676637349091793
3afb1b9aeb4b4d1aa0762e4f72045e90,298.15,101.0,2,CC1CCCCC1,0.5129,CCCCC,0.4871,0.7012000000000003,0.0,0.688756720444173,0.00021240713723856325
84ada782ca8f4bf49b901a86e36b6115,298.15,101.0,2,CC1CCCCC1,0.2121,CCCCC,0.7879,0.6560000000000001,0.0,0.637838678635982,0.00022613023461083123
62ae4aad5ce84e42acc1003ae3490641,298.15,101.0,2,CCC(C)=O,0.2427,CCCCCO,0.7573,0.8083100000000001,0.0,0.7976486222807511,0.00020321625313305677
3122ef58d8b44fb197236734beef7b29,298.15,101.0,2,CCC(C)=O,0.7401,CCCCCO,0.2599,0.8028500000000002,0.0,0.7717089460517635,0.0002185312069431931
27d06ecf80b34272bb825aa8d4b0983f,298.15,101.0,2,CCC(C)=O,0.4434,CCCCCO,0.5566,0.8061500000000001,0.0,0.7873564173756138,0.0002241884193921312
eefbc44c45ce48cc950934c01aa7abee,303.15,101.3,2,C1CCOC1,0.5035,COC(C)=O,0.4965,0.8975600000000001,0.0,0.899308188134041,0.0002671368437446769
b8e220615a3f45ac8b49525d117c1fe1,303.15,101.3,2,C1CCOC1,0.693,COC(C)=O,0.307,0.8893500000000002,0.0,0.8918849306838206,0.0002984347989390887
ec5d429d6e0b4d7d8ecb0586e8e94c73,303.15,101.3,2,C1CCOC1,0.3022,COC(C)=O,0.6978,0.9066400000000002,0.0,0.9071850528816281,0.0002784744949642789
61b87d769c5a4ef7a8b0e5d205cda85f,298.15,101.0,2,CCOC(C)=O,0.5011,OCCOCCO,0.4989,1.0068,0.0,1.02934062619392,0.00028979140942294744
2c2006edd66643d4bb6458682663d623,298.15,101.0,2,CCOC(C)=O,0.5011,OCCOCCO,0.4989,1.0068,0.0,1.02934062619392,0.00028979140942294744
4becf174b8bd4e15a6c274f27209c5ec,298.15,101.0,2,CCOC(C)=O,0.7505,OCCOCCO,0.2495,0.9524400000000004,0.0,0.9630312005739827,0.00022820814705104317
f6eae609607c42bd9b9c150b49e7e1e6,298.15,101.0,2,CCOC(C)=O,0.7505,OCCOCCO,0.2495,0.9524400000000004,0.0,0.9630312005739827,0.00022820814705104317
ee948c9aeadf413dafc427bd9c44d3c5,298.15,101.0,2,CCOC(C)=O,0.2504,OCCOCCO,0.7496,1.0598300000000005,0.0,1.094612270863304,0.0002505569194396938
ed39c8699c34454eb5e0370529294e4b,298.15,101.0,2,CCOC(C)=O,0.2504,OCCOCCO,0.7496,1.0598300000000005,0.0,1.094612270863304,0.0002505569194396938
7ef65b2120ea405aba9b30eba66fb77f,298.15,101.0,2,OCCCCO,0.2657,OCCCO,0.7343,1.0392000000000003,0.0,1.0706989649718281,0.00027608087747313034
04657ce488f64251ae93aa3844e5a965,303.15,101.0,2,OCCCCO,0.7669,OCCCO,0.2331,1.01741,0.0,1.0469511098593964,0.0004495473341744196
dfd6d241f6384026a1c6ded2697e8bba,298.15,101.0,2,OCCCCO,0.4578,OCCCO,0.5422,1.0317700000000003,0.0,1.0621934690162007,0.0004176892649819277
4effbf7b87794b16bfc65d408dd088d7,298.15,101.0,2,OCCO,0.53472,CCCCO,0.46528,0.9322200000000004,0.0,0.9476000948588944,0.00040263176547354547
87796291e0984a089fa5817f2c2cface,298.15,101.0,2,OCCO,0.7753,CCCCO,0.2247,1.0138600000000002,0.0,1.0418094427315219,0.00026221408668583427
e8bcb6f4bdd3412eb284ebfccad390aa,298.15,101.0,2,OCCO,0.24902,CCCCO,0.75098,0.8572100000000002,0.0,0.8620609208758276,0.00042052176580655373
13dacaf28da14f54b5dcb4c8f4a2dbd9,298.15,101.0,2,C1COCCO1,0.2479,CCCCOC(C)=O,0.7521,0.9010000000000002,0.0,0.9080424059854086,0.00022447688984130335
1c54a1138df84353993c418a47692445,298.15,101.0,2,C1COCCO1,0.7547,CCCCOC(C)=O,0.2453,0.9753000000000002,0.0,1.0039434768810853,0.00031181597781424896
ee5bb75d5eac4cf98029e79a79226ba8,298.15,101.0,2,C1COCCO1,0.4678,CCCCOC(C)=O,0.5322,0.9292000000000002,0.0,0.9438854353359564,0.00022256184327661228
c23bd904f98647519bf32d7191bfb97d,298.15,101.0,2,CCCCO,0.2,C=C(C)C(=O)OCCO,0.8,1.0259000000000005,0.0,1.0247527672308034,0.000314818462676137
77ffebf658e84f8c96810dcf10ba6da0,298.15,101.0,2,CCCCO,0.2,C=C(C)C(=O)OCCO,0.8,1.0259000000000005,0.0,1.0247527672308034,0.000314818462676137
0446d3c4e8a44f3b949dcf40b7dcee99,298.15,101.0,2,CCCCO,0.7,C=C(C)C(=O)OCCO,0.3,0.9006000000000003,0.0,0.9007508057959877,0.0002462293278222115
c9cc5d9d27544fe8be6be353565fa7f5,298.15,101.0,2,CCCCO,0.7,C=C(C)C(=O)OCCO,0.3,0.9006000000000003,0.0,0.9007508057959877,0.0002462293278222115
dcd1638ecf4544fa96e1f7623967feb8,298.15,101.0,2,CCCCO,0.5,C=C(C)C(=O)OCCO,0.5,0.9551000000000004,0.0,0.955205539339657,0.0002447259440300621
a08c27762bb943018018fdeb09436671,298.15,101.0,2,CCCCO,0.5,C=C(C)C(=O)OCCO,0.5,0.9551000000000004,0.0,0.955205539339657,0.0002447259440300621
6d110c7d1c7c4a25a969bafb15d4b0ad,298.15,101.0,2,CCCCO,0.7014,OCCCCO,0.2986,0.8691492241347379,0.0,0.8771651794666133,0.0002778141245273453
11664bf7c7e54726b0f98f845d4958d8,298.15,101.0,2,CCCCO,0.5408,OCCCCO,0.4592,0.9029737144211544,0.0,0.9162059253104095,0.00029934955483303013
abf0239c94f544338dd0f070bc4eb2a3,298.15,101.0,2,CCCCO,0.2565,OCCCCO,0.7435,0.9614413574459352,0.0,0.9810479622278278,0.000370205539159433
1aa7215f15c6464bbd95d265cc3a8bb3,298.15,101.0,2,C1COCCO1,0.799,CCOC(C)=O,0.201,0.9987000000000004,0.0,1.0317084537777068,0.00023152319377311035
3537b70e7bcd4470a407613509cf657c,298.15,101.0,2,C1COCCO1,0.5071,CCOC(C)=O,0.4929,0.9587000000000002,0.0,0.9781774694317151,0.00025367539614662443
150f85eeaa0748e28caf0efa446b333c,298.15,101.0,2,C1COCCO1,0.2001,CCOC(C)=O,0.7999,0.9188000000000002,0.0,0.9275531403549423,0.00022277336468690527
08e6797f50d24712a390755cb1a3b36f,298.15,101.0,2,CCC(C)(C)O,0.7659,CCC(C)=O,0.2341,0.8037400000000002,0.0,0.8048948789578729,0.000288735494317843
7236d46a90814ac8988e1282ed12b6b9,298.15,101.0,2,CCC(C)(C)O,0.2293,CCC(C)=O,0.7707,0.8009100000000001,0.0,0.771229111298765,0.00023205750696641628
de5f0d17601444f09201a075f3c21cdb,298.15,101.0,2,CCC(C)(C)O,0.4832,CCC(C)=O,0.5168,0.8022400000000002,0.0,0.7873242730721232,0.0002278687447832281
6e7520c199214135846c3f4a439c6b05,303.15,101.0,2,CO,0.847125,COCCO,0.152875,0.8330000000000002,0.0,0.8386450336400869,0.0003692232539562164
d032bafbafb3476f95a7cef280ef8607,303.15,101.0,2,CO,0.847125,COCCO,0.152875,0.8330000000000002,0.0,0.8386450336400869,0.0003692232539562164
b0633637775e41d2b172bf6e240c931b,298.55,101.3,2,O=C1COCCO1,0.4471,CCOC(C)=O,0.5529,1.0650000000000002,0.0,1.0484998497023885,0.0002674046262452242
fafeddb3b71c4ac3a5fdce3e5a4b61fd,298.55,101.3,2,O=C1COCCO1,0.7099,CCOC(C)=O,0.2901,1.1510000000000002,0.0,1.1426772885029082,0.00022336881297893476
d82b19c9502945528ecb0fd3ec5ec78a,298.05,101.3,2,O=C1COCCO1,0.201,CCOC(C)=O,0.799,0.9640000000000002,0.0,0.9645903129279126,0.00023871513027247024
e376df85c2204acbb02e900708096a11,313.15,101.0,2,C1CCCC1,0.4999,C1CCCCCC1,0.5001,0.7629000000000001,0.0,0.7417690205548522,0.0002367710006862676
b27880b6b82542b89aa3266c1367233d,298.15,98.0,2,OCCO,0.630962,OCCOCCO,0.36903800000000003,1.1122100000000004,0.0,1.1550451076119732,0.0002685673619368335
32c1ba34722b47938f09d08d6bd44765,298.15,98.0,2,OCCO,0.630962,OCCOCCO,0.36903800000000003,1.1122100000000004,0.0,1.1550451076119732,0.0002685673619368335
